network,method,variant_index,n_runs,build_sec,run_sec,sec_per_run,total_steps,num_cores
tobacco,equalize,0,1000,0.0016751289367675781,1.2401204109191895,0.0012401204109191895,105381,60
tobacco,equalize,1,1000,0.0011870861053466797,1.2862379550933838,0.0012862379550933837,105907,60
tobacco,equalize,2,1000,0.0010933876037597656,1.2507908344268799,0.00125079083442688,105448,60
tobacco,equalize,3,1000,0.0011878013610839844,1.2568676471710205,0.0012568676471710206,104925,60
tobacco,equalize,4,1000,0.0011146068572998047,1.2599785327911377,0.0012599785327911377,105309,60
tobacco,equalize,5,1000,0.0011622905731201172,1.2642879486083984,0.0012642879486083984,105400,60
tobacco,equalize,6,1000,0.0012676715850830078,1.2741258144378662,0.0012741258144378662,104832,60
tobacco,equalize,7,1000,0.0014052391052246094,1.263434886932373,0.001263434886932373,105106,60
tobacco,equalize,8,1000,0.0010988712310791016,1.2646493911743164,0.0012646493911743163,105399,60
tobacco,equalize,9,1000,0.0012509822845458984,1.2499845027923584,0.0012499845027923583,105154,60
tobacco,equalize,10,1000,0.0015742778778076172,1.2707624435424805,0.0012707624435424805,105317,60
tobacco,equalize,11,1000,0.0011022090911865234,1.2706139087677002,0.0012706139087677003,105095,60
tobacco,equalize,12,1000,0.0012392997741699219,1.2661144733428955,0.0012661144733428955,105115,60
tobacco,equalize,13,1000,0.0010819435119628906,1.2694530487060547,0.0012694530487060546,105874,60
tobacco,equalize,14,1000,0.0010952949523925781,1.2632575035095215,0.0012632575035095215,105133,60
tobacco,equalize,15,1000,0.0012519359588623047,1.282515048980713,0.0012825150489807128,105180,60
tobacco,equalize,16,1000,0.0014204978942871094,1.2873311042785645,0.0012873311042785644,105423,60
tobacco,equalize,17,1000,0.0011494159698486328,1.2926890850067139,0.0012926890850067138,105159,60
tobacco,equalize,18,1000,0.0012812614440917969,1.260385513305664,0.001260385513305664,105501,60
tobacco,equalize,19,1000,0.0010647773742675781,1.2845768928527832,0.0012845768928527832,105765,60
tobacco,equalize,20,1000,0.0010895729064941406,1.2772741317749023,0.0012772741317749023,106029,60
tobacco,equalize,21,1000,0.001241445541381836,1.282989263534546,0.001282989263534546,105573,60
tobacco,equalize,22,1000,0.0010731220245361328,1.2504596710205078,0.0012504596710205078,105529,60
tobacco,equalize,23,1000,0.0011112689971923828,1.264408826828003,0.0012644088268280028,105349,60
tobacco,equalize,24,1000,0.0012805461883544922,1.2570605278015137,0.0012570605278015136,104936,60
tobacco,equalize,25,1000,0.0010607242584228516,1.2675151824951172,0.0012675151824951172,105686,60
tobacco,equalize,26,1000,0.0010509490966796875,1.262502908706665,0.001262502908706665,105007,60
tobacco,equalize,27,1000,0.001241445541381836,1.254072666168213,0.001254072666168213,105119,60
tobacco,equalize,28,1000,0.0010378360748291016,1.2559876441955566,0.0012559876441955566,105408,60
tobacco,equalize,29,1000,0.001062154769897461,1.2721750736236572,0.0012721750736236573,104886,60
tobacco,equalize,30,1000,0.0012998580932617188,1.2718908786773682,0.0012718908786773682,105540,60
tobacco,equalize,31,1000,0.0011153221130371094,1.287461280822754,0.0012874612808227539,105705,60
tobacco,equalize,32,1000,0.0010845661163330078,1.2708308696746826,0.0012708308696746827,105603,60
tobacco,equalize,33,1000,0.00125885009765625,1.2883639335632324,0.0012883639335632324,105174,60
tobacco,equalize,34,1000,0.0010640621185302734,1.2768898010253906,0.0012768898010253906,105335,60
tobacco,equalize,35,1000,0.0010800361633300781,1.2402448654174805,0.0012402448654174805,105187,60
tobacco,equalize,36,1000,0.0013294219970703125,1.2556779384613037,0.0012556779384613036,104811,60
tobacco,equalize,37,1000,0.0010609626770019531,1.272949457168579,0.001272949457168579,104935,60
tobacco,equalize,38,1000,0.0012192726135253906,1.2509758472442627,0.0012509758472442627,104930,60
tobacco,equalize,39,1000,0.0012824535369873047,1.2703423500061035,0.0012703423500061036,105574,60
tobacco,equalize,40,1000,0.0011260509490966797,1.2868082523345947,0.0012868082523345948,105604,60
tobacco,equalize,41,1000,0.0011353492736816406,1.2756917476654053,0.0012756917476654053,105154,60
tobacco,equalize,42,1000,0.0012891292572021484,1.285142183303833,0.001285142183303833,105646,60
tobacco,equalize,43,1000,0.0010759830474853516,1.2746968269348145,0.0012746968269348145,105493,60
tobacco,equalize,44,1000,0.0010840892791748047,1.2543892860412598,0.0012543892860412598,105182,60
tobacco,equalize,45,1000,0.0012722015380859375,1.2673304080963135,0.0012673304080963136,105820,60
tobacco,equalize,46,1000,0.0011432170867919922,1.300180435180664,0.001300180435180664,105215,60
tobacco,equalize,47,1000,0.001093149185180664,1.2641797065734863,0.0012641797065734864,105348,60
tobacco,equalize,48,1000,0.0013151168823242188,1.267852783203125,0.001267852783203125,105379,60
tobacco,equalize,49,1000,0.0010433197021484375,1.2682664394378662,0.0012682664394378662,105727,60
tobacco,equalize,50,1000,0.0011222362518310547,1.277095079421997,0.001277095079421997,105330,60
tobacco,equalize,51,1000,0.0013327598571777344,1.278489351272583,0.001278489351272583,105060,60
tobacco,equalize,52,1000,0.001039266586303711,1.2692437171936035,0.0012692437171936035,105439,60
tobacco,equalize,53,1000,0.0010881423950195312,1.2709388732910156,0.0012709388732910156,106315,60
tobacco,equalize,54,1000,0.0013165473937988281,1.280038595199585,0.001280038595199585,105038,60
tobacco,equalize,55,1000,0.0010519027709960938,1.2782282829284668,0.0012782282829284669,105185,60
tobacco,equalize,56,1000,0.0010769367218017578,1.2927002906799316,0.0012927002906799317,105295,60
tobacco,equalize,57,1000,0.0013189315795898438,1.2742137908935547,0.0012742137908935546,105442,60
tobacco,equalize,58,1000,0.0010693073272705078,1.2887179851531982,0.0012887179851531982,105744,60
tobacco,equalize,59,1000,0.001088857650756836,1.267326831817627,0.001267326831817627,105046,60
tobacco,equalize,60,1000,0.0013201236724853516,1.2820558547973633,0.0012820558547973634,105140,60
tobacco,equalize,61,1000,0.0010788440704345703,1.2839694023132324,0.0012839694023132325,105015,60
tobacco,equalize,62,1000,0.0010952949523925781,1.262434959411621,0.001262434959411621,104965,60
tobacco,equalize,63,1000,0.0013110637664794922,1.277383804321289,0.001277383804321289,105811,60
tobacco,equalize,64,1000,0.0010612010955810547,1.2837812900543213,0.0012837812900543214,105042,60
tobacco,equalize,65,1000,0.0013897418975830078,1.2890722751617432,0.0012890722751617433,105038,60
tobacco,equalize,66,1000,0.0018820762634277344,1.2685546875,0.0012685546875,105211,60
tobacco,equalize,67,1000,0.0010809898376464844,1.3412084579467773,0.0013412084579467773,105614,60
tobacco,equalize,68,1000,0.0011341571807861328,1.3058404922485352,0.001305840492248535,104813,60
tobacco,equalize,69,1000,0.001379251480102539,1.284574031829834,0.001284574031829834,104947,60
tobacco,equalize,70,1000,0.001035451889038086,1.2788820266723633,0.0012788820266723634,105670,60
tobacco,equalize,71,1000,0.0010685920715332031,1.267885684967041,0.001267885684967041,105223,60
tobacco,equalize,72,1000,0.0013496875762939453,1.2891159057617188,0.0012891159057617188,105471,60
tobacco,equalize,73,1000,0.0010862350463867188,1.3161048889160156,0.0013161048889160157,104165,60
tobacco,equalize,74,1000,0.0011210441589355469,1.268660545349121,0.0012686605453491211,105743,60
tobacco,equalize,75,1000,0.0013446807861328125,1.2715003490447998,0.0012715003490447999,105105,60
tobacco,equalize,76,1000,0.0011096000671386719,1.2869172096252441,0.001286917209625244,105543,60
tobacco,equalize,77,1000,0.0011224746704101562,1.284970998764038,0.0012849709987640381,105521,60
tobacco,equalize,78,1000,0.0013661384582519531,1.2939114570617676,0.0012939114570617676,105139,60
tobacco,equalize,79,1000,0.0010237693786621094,1.2957720756530762,0.0012957720756530762,105147,60
tobacco,equalize,80,1000,0.0011169910430908203,1.2739505767822266,0.0012739505767822266,105618,60
tobacco,equalize,81,1000,0.0013637542724609375,1.2801878452301025,0.0012801878452301026,105751,60
tobacco,equalize,82,1000,0.0010464191436767578,1.3234937191009521,0.0013234937191009522,105580,60
tobacco,equalize,83,1000,0.0010981559753417969,1.2752950191497803,0.0012752950191497804,105364,60
tobacco,equalize,84,1000,0.001329183578491211,1.3025360107421875,0.0013025360107421875,105757,60
tobacco,equalize,85,1000,0.0010514259338378906,1.2753195762634277,0.0012753195762634278,105106,60
tobacco,equalize,86,1000,0.0010769367218017578,1.2798171043395996,0.0012798171043395996,104934,60
tobacco,equalize,87,1000,0.0017724037170410156,1.3154025077819824,0.0013154025077819825,105146,60
tobacco,equalize,88,1000,0.001154184341430664,1.2977039813995361,0.0012977039813995362,105315,60
tobacco,equalize,89,1000,0.0011935234069824219,1.294440507888794,0.001294440507888794,105716,60
tobacco,equalize,90,1000,0.0013332366943359375,1.272965431213379,0.0012729654312133788,105093,60
tobacco,equalize,91,1000,0.0010662078857421875,1.2979893684387207,0.0012979893684387208,104973,60
tobacco,equalize,92,1000,0.0011916160583496094,1.2593958377838135,0.0012593958377838134,104757,60
tobacco,equalize,93,1000,0.0013737678527832031,1.2872686386108398,0.0012872686386108398,104948,60
tobacco,equalize,94,1000,0.0012121200561523438,1.3299064636230469,0.001329906463623047,105563,60
tobacco,equalize,95,1000,0.0012426376342773438,1.311323642730713,0.001311323642730713,105323,60
tobacco,equalize,96,1000,0.0013561248779296875,1.279792308807373,0.001279792308807373,104963,60
tobacco,equalize,97,1000,0.0010862350463867188,1.2870023250579834,0.0012870023250579833,104903,60
tobacco,equalize,98,1000,0.0012743473052978516,1.2723255157470703,0.0012723255157470704,105581,60
tobacco,equalize,99,1000,0.0014350414276123047,1.2845652103424072,0.0012845652103424072,105752,60
tobacco,equalize,100,1000,0.001132965087890625,1.3213222026824951,0.0013213222026824951,105720,60
tobacco,equalize,101,1000,0.0011925697326660156,1.292720079421997,0.001292720079421997,105297,60
tobacco,equalize,102,1000,0.0013544559478759766,1.2872183322906494,0.0012872183322906493,105450,60
tobacco,equalize,103,1000,0.0011010169982910156,1.29775071144104,0.00129775071144104,105067,60
tobacco,equalize,104,1000,0.0012395381927490234,1.3037586212158203,0.0013037586212158202,105290,60
tobacco,equalize,105,1000,0.0013887882232666016,1.2751803398132324,0.0012751803398132323,105701,60
tobacco,equalize,106,1000,0.0010683536529541016,1.3065152168273926,0.0013065152168273925,105492,60
tobacco,equalize,107,1000,0.0011489391326904297,1.3152177333831787,0.0013152177333831787,104875,60
tobacco,equalize,108,1000,0.0013175010681152344,1.6101529598236084,0.0016101529598236083,105236,60
tobacco,equalize,109,1000,0.0010676383972167969,1.5550618171691895,0.0015550618171691895,105704,60
tobacco,equalize,110,1000,0.001130819320678711,2.037278652191162,0.002037278652191162,105548,60
tobacco,equalize,111,1000,0.0018489360809326172,2.0404388904571533,0.002040438890457153,105216,60
tobacco,equalize,112,1000,0.00107574462890625,1.9197630882263184,0.0019197630882263183,106361,60
tobacco,equalize,113,1000,0.0010683536529541016,2.0344810485839844,0.0020344810485839844,105513,60
tobacco,equalize,114,1000,0.0014095306396484375,2.0084309577941895,0.0020084309577941893,105115,60
tobacco,equalize,115,1000,0.001094818115234375,2.2418670654296875,0.0022418670654296875,105245,60
tobacco,equalize,116,1000,0.0010628700256347656,1.2909250259399414,0.0012909250259399414,105134,60
tobacco,equalize,117,1000,0.0011949539184570312,1.284935712814331,0.001284935712814331,104848,60
tobacco,equalize,118,1000,0.0011572837829589844,1.2912395000457764,0.0012912395000457763,105559,60
tobacco,equalize,119,1000,0.0010833740234375,1.2881221771240234,0.0012881221771240234,105053,60
tobacco,equalize,120,1000,0.0016012191772460938,1.2923526763916016,0.0012923526763916017,105381,60
tobacco,equalize,121,1000,0.0011363029479980469,1.2927517890930176,0.0012927517890930177,105417,60
tobacco,equalize,122,1000,0.0011000633239746094,1.3061416149139404,0.0013061416149139403,105799,60
tobacco,equalize,123,1000,0.0012629032135009766,1.2920677661895752,0.0012920677661895752,105031,60
tobacco,equalize,124,1000,0.0011239051818847656,1.305110216140747,0.0013051102161407472,104781,60
tobacco,equalize,125,1000,0.0010728836059570312,1.2786858081817627,0.0012786858081817627,105555,60
tobacco,equalize,126,1000,0.0011944770812988281,1.2980990409851074,0.0012980990409851075,105027,60
tobacco,equalize,127,1000,0.0011093616485595703,1.2872743606567383,0.0012872743606567383,105385,60
tobacco,equalize,128,1000,0.001481771469116211,1.2882764339447021,0.001288276433944702,105654,60
tobacco,equalize,129,1000,0.0011992454528808594,1.2902443408966064,0.0012902443408966064,105537,60
tobacco,equalize,130,1000,0.0011038780212402344,1.2929482460021973,0.0012929482460021973,105015,60
tobacco,equalize,131,1000,0.0011675357818603516,1.2866973876953125,0.0012866973876953125,105161,60
tobacco,equalize,132,1000,0.0012447834014892578,1.272834300994873,0.0012728343009948732,104657,60
tobacco,equalize,133,1000,0.001079559326171875,1.2766542434692383,0.0012766542434692384,105300,60
tobacco,equalize,134,1000,0.0011200904846191406,1.3480854034423828,0.0013480854034423828,105301,60
tobacco,equalize,135,1000,0.0012900829315185547,1.3044538497924805,0.0013044538497924804,105252,60
tobacco,equalize,136,1000,0.001104116439819336,1.302417278289795,0.001302417278289795,105179,60
tobacco,equalize,137,1000,0.0010912418365478516,1.2577474117279053,0.0012577474117279053,104865,60
tobacco,equalize,138,1000,0.0012545585632324219,1.2757351398468018,0.0012757351398468017,105194,60
tobacco,equalize,139,1000,0.0011415481567382812,1.2820796966552734,0.0012820796966552734,105023,60
tobacco,equalize,140,1000,0.0011229515075683594,1.2656939029693604,0.0012656939029693603,105098,60
tobacco,equalize,141,1000,0.0012717247009277344,1.2712981700897217,0.0012712981700897217,105884,60
tobacco,equalize,142,1000,0.0011353492736816406,1.3131530284881592,0.0013131530284881592,105627,60
tobacco,equalize,143,1000,0.0011591911315917969,1.3222730159759521,0.0013222730159759522,104940,60
tobacco,equalize,144,1000,0.0012683868408203125,1.2701356410980225,0.0012701356410980225,105001,60
tobacco,equalize,145,1000,0.0011453628540039062,1.2974019050598145,0.0012974019050598145,105375,60
tobacco,equalize,146,1000,0.0014886856079101562,1.2912535667419434,0.0012912535667419433,105106,60
tobacco,equalize,147,1000,0.0012891292572021484,1.2667279243469238,0.001266727924346924,105117,60
tobacco,equalize,148,1000,0.0010993480682373047,1.2990789413452148,0.0012990789413452148,105922,60
tobacco,equalize,149,1000,0.001096963882446289,1.2767632007598877,0.0012767632007598877,104995,60
tobacco,equalize,150,1000,0.0012404918670654297,1.2897560596466064,0.0012897560596466064,105816,60
tobacco,equalize,151,1000,0.0010843276977539062,1.3147172927856445,0.0013147172927856444,105249,60
tobacco,equalize,152,1000,0.0010917186737060547,1.2819342613220215,0.0012819342613220215,105409,60
tobacco,equalize,153,1000,0.0012807846069335938,1.2866110801696777,0.0012866110801696778,105163,60
tobacco,equalize,154,1000,0.0010862350463867188,1.2922682762145996,0.0012922682762145996,105622,60
tobacco,equalize,155,1000,0.0010747909545898438,1.2675251960754395,0.0012675251960754396,105732,60
tobacco,equalize,156,1000,0.0012509822845458984,1.2767839431762695,0.0012767839431762696,105508,60
tobacco,equalize,157,1000,0.0010974407196044922,1.2916338443756104,0.0012916338443756104,105099,60
tobacco,equalize,158,1000,0.0010657310485839844,1.2655811309814453,0.0012655811309814453,105134,60
tobacco,equalize,159,1000,0.001312255859375,1.273240327835083,0.001273240327835083,105268,60
tobacco,equalize,160,1000,0.0010662078857421875,1.3076601028442383,0.0013076601028442383,105504,60
tobacco,equalize,161,1000,0.0010323524475097656,1.2828457355499268,0.0012828457355499269,104773,60
tobacco,equalize,162,1000,0.0013117790222167969,1.3162269592285156,0.0013162269592285156,105244,60
tobacco,equalize,163,1000,0.0011162757873535156,1.2895691394805908,0.0012895691394805909,104860,60
tobacco,equalize,164,1000,0.0011708736419677734,1.3228893280029297,0.0013228893280029298,105018,60
tobacco,equalize,165,1000,0.0013604164123535156,1.298828363418579,0.001298828363418579,105758,60
tobacco,equalize,166,1000,0.0010981559753417969,1.2878611087799072,0.0012878611087799071,105771,60
tobacco,equalize,167,1000,0.0011866092681884766,1.2911722660064697,0.0012911722660064698,105714,60
tobacco,equalize,168,1000,0.0012812614440917969,1.2952370643615723,0.0012952370643615724,105259,60
tobacco,equalize,169,1000,0.0010669231414794922,1.324319839477539,0.0013243198394775391,105494,60
tobacco,equalize,170,1000,0.0012030601501464844,1.272791862487793,0.0012727918624877929,104979,60
tobacco,equalize,171,1000,0.0013070106506347656,1.28287672996521,0.0012828767299652099,105404,60
tobacco,equalize,172,1000,0.0011148452758789062,1.2946417331695557,0.0012946417331695557,104792,60
tobacco,equalize,173,1000,0.0013229846954345703,1.299696445465088,0.001299696445465088,105676,60
tobacco,equalize,174,1000,0.0013079643249511719,1.2738111019134521,0.0012738111019134522,105020,60
tobacco,equalize,175,1000,0.0011029243469238281,1.2991130352020264,0.0012991130352020264,106083,60
tobacco,equalize,176,1000,0.0011229515075683594,1.2980029582977295,0.0012980029582977295,104809,60
tobacco,equalize,177,1000,0.0013298988342285156,1.2835774421691895,0.0012835774421691894,105307,60
tobacco,equalize,178,1000,0.0010838508605957031,1.2967543601989746,0.0012967543601989746,105151,60
tobacco,equalize,179,1000,0.00116729736328125,1.3515937328338623,0.0013515937328338623,105842,60
tobacco,equalize,180,1000,0.0013039112091064453,1.2705609798431396,0.0012705609798431396,105587,60
tobacco,equalize,181,1000,0.001177072525024414,1.2725059986114502,0.0012725059986114502,105203,60
tobacco,equalize,182,1000,0.0010876655578613281,1.2824416160583496,0.0012824416160583496,105502,60
tobacco,equalize,183,1000,0.0013742446899414062,1.2881410121917725,0.0012881410121917724,104782,60
tobacco,equalize,184,1000,0.0010836124420166016,1.2870967388153076,0.0012870967388153077,105213,60
tobacco,equalize,185,1000,0.0011703968048095703,1.331409215927124,0.001331409215927124,105166,60
tobacco,equalize,186,1000,0.0016162395477294922,1.2751832008361816,0.0012751832008361817,105585,60
tobacco,equalize,187,1000,0.001077413558959961,1.3174610137939453,0.0013174610137939454,105216,60
tobacco,equalize,188,1000,0.0011851787567138672,1.2750236988067627,0.0012750236988067628,105322,60
tobacco,equalize,189,1000,0.001314401626586914,1.2981445789337158,0.0012981445789337158,105420,60
tobacco,equalize,190,1000,0.0010907649993896484,1.2901644706726074,0.0012901644706726073,105013,60
tobacco,equalize,191,1000,0.001138448715209961,1.322225570678711,0.0013222255706787109,105087,60
tobacco,equalize,192,1000,0.0013620853424072266,1.2861769199371338,0.0012861769199371338,104832,60
tobacco,equalize,193,1000,0.0010724067687988281,1.303924560546875,0.001303924560546875,105341,60
tobacco,equalize,194,1000,0.0011234283447265625,1.2686090469360352,0.001268609046936035,105196,60
tobacco,equalize,195,1000,0.0013577938079833984,1.2941498756408691,0.0012941498756408691,105405,60
tobacco,equalize,196,1000,0.001077413558959961,1.298790454864502,0.001298790454864502,105296,60
tobacco,equalize,197,1000,0.0011866092681884766,1.3002405166625977,0.0013002405166625977,105901,60
tobacco,equalize,198,1000,0.0013668537139892578,1.283296823501587,0.001283296823501587,104750,60
tobacco,equalize,199,1000,0.0010864734649658203,1.2961485385894775,0.0012961485385894775,105335,60
tobacco,equalize,200,1000,0.0011038780212402344,1.2761187553405762,0.0012761187553405762,105069,60
tobacco,equalize,201,1000,0.0013720989227294922,1.3024561405181885,0.0013024561405181885,105549,60
tobacco,equalize,202,1000,0.0010802745819091797,1.3222980499267578,0.0013222980499267578,105402,60
tobacco,equalize,203,1000,0.0010683536529541016,1.2763490676879883,0.0012763490676879882,105361,60
tobacco,equalize,204,1000,0.0014548301696777344,1.3026502132415771,0.0013026502132415772,105527,60
tobacco,equalize,205,1000,0.0010423660278320312,1.3320305347442627,0.0013320305347442626,105252,60
tobacco,equalize,206,1000,0.0011723041534423828,1.267812728881836,0.0012678127288818359,105303,60
tobacco,equalize,207,1000,0.0013592243194580078,1.2764613628387451,0.0012764613628387452,105563,60
tobacco,equalize,208,1000,0.0011301040649414062,1.3097631931304932,0.0013097631931304932,105260,60
tobacco,equalize,209,1000,0.001138925552368164,1.285904884338379,0.0012859048843383788,105853,60
tobacco,equalize,210,1000,0.0014235973358154297,1.2829902172088623,0.0012829902172088624,105017,60
tobacco,equalize,211,1000,0.0010955333709716797,1.3106467723846436,0.0013106467723846436,105260,60
tobacco,equalize,212,1000,0.0011396408081054688,1.260840654373169,0.001260840654373169,104790,60
tobacco,equalize,213,1000,0.0013604164123535156,1.288344383239746,0.001288344383239746,105701,60
tobacco,equalize,214,1000,0.001123189926147461,1.3395226001739502,0.0013395226001739501,105628,60
tobacco,equalize,215,1000,0.0010385513305664062,1.2648530006408691,0.0012648530006408691,104406,60
tobacco,equalize,216,1000,0.0014142990112304688,1.3084263801574707,0.0013084263801574707,105406,60
tobacco,equalize,217,1000,0.00107574462890625,1.3218238353729248,0.0013218238353729249,105556,60
tobacco,equalize,218,1000,0.0013153553009033203,1.2877371311187744,0.0012877371311187744,105164,60
tobacco,equalize,219,1000,0.0013527870178222656,1.275160789489746,0.0012751607894897462,104894,60
tobacco,equalize,220,1000,0.001077890396118164,1.3121318817138672,0.001312131881713867,105500,60
tobacco,equalize,221,1000,0.001142740249633789,1.3027961254119873,0.0013027961254119874,105491,60
tobacco,equalize,222,1000,0.0014371871948242188,1.3051509857177734,0.0013051509857177734,106571,60
tobacco,equalize,223,1000,0.001329183578491211,1.30906081199646,0.00130906081199646,105558,60
tobacco,equalize,224,1000,0.0011484622955322266,1.2994184494018555,0.0012994184494018555,105991,60
tobacco,equalize,225,1000,0.001407623291015625,1.3622910976409912,0.0013622910976409913,105653,60
tobacco,equalize,226,1000,0.0010592937469482422,1.3210780620574951,0.001321078062057495,105443,60
tobacco,equalize,227,1000,0.0011086463928222656,1.3005712032318115,0.0013005712032318115,105576,60
tobacco,equalize,228,1000,0.0017898082733154297,1.3127353191375732,0.0013127353191375733,105423,60
tobacco,equalize,229,1000,0.0012249946594238281,1.3011291027069092,0.0013011291027069092,105280,60
tobacco,equalize,230,1000,0.0011293888092041016,1.301529884338379,0.0013015298843383788,105358,60
tobacco,equalize,231,1000,0.0014731884002685547,1.3230690956115723,0.0013230690956115723,105363,60
tobacco,equalize,232,1000,0.0011413097381591797,1.3335609436035156,0.0013335609436035155,105147,60
tobacco,equalize,233,1000,0.0011200904846191406,1.306410789489746,0.0013064107894897462,105560,60
tobacco,equalize,234,1000,0.0015540122985839844,1.3241267204284668,0.0013241267204284668,105034,60
tobacco,equalize,235,1000,0.0015196800231933594,1.3193519115447998,0.0013193519115447998,105460,60
tobacco,equalize,236,1000,0.0011687278747558594,1.2792112827301025,0.0012792112827301025,105103,60
tobacco,equalize,237,1000,0.0014696121215820312,1.3611500263214111,0.0013611500263214112,105606,60
tobacco,equalize,238,1000,0.0013933181762695312,1.303467035293579,0.001303467035293579,105506,60
tobacco,equalize,239,1000,0.001302957534790039,1.3058969974517822,0.0013058969974517822,105659,60
tobacco,equalize,240,1000,0.0015163421630859375,1.333681583404541,0.001333681583404541,105510,60
tobacco,equalize,241,1000,0.0011196136474609375,1.3696057796478271,0.001369605779647827,105060,60
tobacco,equalize,242,1000,0.0011992454528808594,1.2970120906829834,0.0012970120906829834,105297,60
tobacco,equalize,243,1000,0.0017414093017578125,1.3066492080688477,0.0013066492080688477,105596,60
tobacco,equalize,244,1000,0.0010826587677001953,1.3057622909545898,0.0013057622909545899,105102,60
tobacco,equalize,245,1000,0.00127410888671875,1.2848660945892334,0.0012848660945892333,104718,60
tobacco,equalize,246,1000,0.0014159679412841797,1.3101806640625,0.0013101806640625,105349,60
tobacco,equalize,247,1000,0.0010623931884765625,1.3008408546447754,0.0013008408546447755,104949,60
tobacco,equalize,248,1000,0.0013020038604736328,1.3042829036712646,0.0013042829036712647,106404,60
tobacco,equalize,249,1000,0.0014805793762207031,1.3062376976013184,0.0013062376976013183,105478,60
tobacco,equalize,250,1000,0.0011358261108398438,1.323997974395752,0.001323997974395752,105324,60
tobacco,equalize,251,1000,0.0011281967163085938,1.3036699295043945,0.0013036699295043946,105840,60
tobacco,equalize,252,1000,0.0014214515686035156,1.7366540431976318,0.001736654043197632,105304,60
tobacco,equalize,253,1000,0.0010333061218261719,1.5088520050048828,0.0015088520050048828,105411,60
tobacco,equalize,254,1000,0.0011243820190429688,2.0633387565612793,0.0020633387565612794,104606,60
tobacco,equalize,255,1000,0.0015637874603271484,2.060192823410034,0.0020601928234100344,105225,60
tobacco,equalize,256,1000,0.0011396408081054688,2.1054656505584717,0.0021054656505584716,104711,60
tobacco,equalize,257,1000,0.0011560916900634766,2.075153112411499,0.002075153112411499,106183,60
tobacco,equalize,258,1000,0.0014133453369140625,2.069615364074707,0.002069615364074707,105308,60
tobacco,equalize,259,1000,0.0010654926300048828,2.1387076377868652,0.002138707637786865,105238,60
tobacco,equalize,260,1000,0.0009634494781494141,1.3067409992218018,0.0013067409992218017,104596,60
tobacco,equalize,261,1000,0.0016188621520996094,1.2869923114776611,0.0012869923114776612,105902,60
tobacco,equalize,262,1000,0.0011866092681884766,1.2769138813018799,0.00127691388130188,104848,60
tobacco,equalize,263,1000,0.0011026859283447266,1.306164264678955,0.001306164264678955,105480,60
tobacco,equalize,264,1000,0.0012412071228027344,1.2967824935913086,0.0012967824935913087,105057,60
tobacco,equalize,265,1000,0.0011873245239257812,1.3682689666748047,0.0013682689666748046,105530,60
tobacco,equalize,266,1000,0.0011217594146728516,1.2675046920776367,0.0012675046920776368,104721,60
tobacco,equalize,267,1000,0.0012798309326171875,1.366370439529419,0.001366370439529419,105656,60
tobacco,equalize,268,1000,0.0010895729064941406,1.2849743366241455,0.0012849743366241456,105658,60
tobacco,equalize,269,1000,0.0011043548583984375,1.283491611480713,0.001283491611480713,105257,60
tobacco,equalize,270,1000,0.0012776851654052734,1.3186285495758057,0.0013186285495758057,105756,60
tobacco,equalize,271,1000,0.0011050701141357422,1.2949273586273193,0.0012949273586273194,105542,60
tobacco,equalize,272,1000,0.0011332035064697266,1.2825193405151367,0.0012825193405151367,105496,60
tobacco,equalize,273,1000,0.0012772083282470703,1.28983736038208,0.0012898373603820801,104650,60
tobacco,equalize,274,1000,0.001148223876953125,1.293808937072754,0.0012938089370727538,105034,60
tobacco,equalize,275,1000,0.0014276504516601562,1.2999248504638672,0.0012999248504638671,105861,60
tobacco,equalize,276,1000,0.0013165473937988281,1.3016595840454102,0.00130165958404541,105292,60
tobacco,equalize,277,1000,0.0011262893676757812,1.2888975143432617,0.0012888975143432618,105398,60
tobacco,equalize,278,1000,0.0010998249053955078,1.2865478992462158,0.0012865478992462158,104853,60
tobacco,equalize,279,1000,0.0013363361358642578,1.3454375267028809,0.0013454375267028809,105268,60
tobacco,equalize,280,1000,0.0011293888092041016,1.2868266105651855,0.0012868266105651855,105678,60
tobacco,equalize,281,1000,0.0014443397521972656,1.2796354293823242,0.0012796354293823243,105901,60
tobacco,equalize,282,1000,0.001279592514038086,1.2932112216949463,0.0012932112216949463,105264,60
tobacco,equalize,283,1000,0.0011534690856933594,1.2784383296966553,0.0012784383296966552,105663,60
tobacco,equalize,284,1000,0.0011572837829589844,1.2908787727355957,0.0012908787727355956,105030,60
tobacco,equalize,285,1000,0.0012955665588378906,1.2753164768218994,0.0012753164768218993,104803,60
tobacco,equalize,286,1000,0.0013701915740966797,1.282682180404663,0.001282682180404663,105483,60
tobacco,equalize,287,1000,0.0011248588562011719,1.2767419815063477,0.0012767419815063476,104898,60
tobacco,equalize,288,1000,0.0013000965118408203,1.2937507629394531,0.0012937507629394531,104970,60
tobacco,equalize,289,1000,0.001138448715209961,1.2949473857879639,0.001294947385787964,105007,60
tobacco,equalize,290,1000,0.001115560531616211,1.2811658382415771,0.0012811658382415772,105586,60
tobacco,equalize,291,1000,0.0012366771697998047,1.26381254196167,0.00126381254196167,105361,60
tobacco,equalize,292,1000,0.0011212825775146484,1.306039571762085,0.0013060395717620849,104964,60
tobacco,equalize,293,1000,0.0011298656463623047,1.289440631866455,0.001289440631866455,105295,60
tobacco,equalize,294,1000,0.0012958049774169922,1.2844929695129395,0.0012844929695129395,104610,60
tobacco,equalize,295,1000,0.001192331314086914,1.4371843338012695,0.0014371843338012696,105511,60
tobacco,equalize,296,1000,0.001344919204711914,1.2902512550354004,0.0012902512550354004,105342,60
tobacco,equalize,297,1000,0.0013306140899658203,1.2784154415130615,0.0012784154415130615,104924,60
tobacco,equalize,298,1000,0.001096963882446289,1.3391828536987305,0.0013391828536987304,105315,60
tobacco,equalize,299,1000,0.001210927963256836,1.2722725868225098,0.0012722725868225097,105120,60
tobacco,equalize,300,1000,0.001310586929321289,1.3138728141784668,0.0013138728141784668,105286,60
tobacco,equalize,301,1000,0.0010809898376464844,1.2848989963531494,0.0012848989963531493,105052,60
tobacco,equalize,302,1000,0.0011146068572998047,1.2714300155639648,0.0012714300155639649,105527,60
tobacco,equalize,303,1000,0.0017235279083251953,1.3480007648468018,0.0013480007648468018,105345,60
tobacco,equalize,304,1000,0.0011723041534423828,1.3543362617492676,0.0013543362617492675,105331,60
tobacco,equalize,305,1000,0.0011014938354492188,1.2856249809265137,0.0012856249809265136,105528,60
tobacco,equalize,306,1000,0.0013222694396972656,1.3199620246887207,0.0013199620246887207,104770,60
tobacco,equalize,307,1000,0.0010876655578613281,1.3117897510528564,0.0013117897510528565,105484,60
tobacco,equalize,308,1000,0.0011265277862548828,1.3086020946502686,0.0013086020946502686,104875,60
tobacco,equalize,309,1000,0.0012695789337158203,1.2895846366882324,0.0012895846366882324,105401,60
tobacco,equalize,310,1000,0.0011019706726074219,1.2934837341308594,0.0012934837341308594,105383,60
tobacco,equalize,311,1000,0.0012028217315673828,1.296769142150879,0.0012967691421508789,105345,60
tobacco,equalize,312,1000,0.0013010501861572266,1.2790029048919678,0.0012790029048919678,105113,60
tobacco,equalize,313,1000,0.0010864734649658203,1.2949798107147217,0.0012949798107147216,105326,60
tobacco,equalize,314,1000,0.0011124610900878906,1.2767963409423828,0.0012767963409423828,105636,60
tobacco,equalize,315,1000,0.0013337135314941406,1.2933719158172607,0.0012933719158172608,105795,60
tobacco,equalize,316,1000,0.0010783672332763672,1.2879188060760498,0.0012879188060760498,105256,60
tobacco,equalize,317,1000,0.0014221668243408203,1.279252529144287,0.001279252529144287,105218,60
tobacco,equalize,318,1000,0.0014116764068603516,1.2941551208496094,0.0012941551208496094,104771,60
tobacco,equalize,319,1000,0.0010955333709716797,1.310504674911499,0.001310504674911499,105797,60
tobacco,equalize,320,1000,0.0011034011840820312,1.2888615131378174,0.0012888615131378175,105412,60
tobacco,equalize,321,1000,0.0013413429260253906,1.3123838901519775,0.0013123838901519776,105503,60
tobacco,equalize,322,1000,0.0012631416320800781,1.2924730777740479,0.0012924730777740478,104780,60
tobacco,equalize,323,1000,0.001093149185180664,1.3249974250793457,0.0013249974250793457,105042,60
tobacco,equalize,324,1000,0.0013082027435302734,1.2956843376159668,0.0012956843376159667,105472,60
tobacco,equalize,325,1000,0.0015556812286376953,1.3065993785858154,0.0013065993785858153,105479,60
tobacco,equalize,326,1000,0.0011074542999267578,1.305492639541626,0.001305492639541626,105463,60
tobacco,equalize,327,1000,0.0013384819030761719,1.2870736122131348,0.0012870736122131347,105163,60
tobacco,equalize,328,1000,0.001089334487915039,1.3090527057647705,0.0013090527057647704,105384,60
tobacco,equalize,329,1000,0.0011093616485595703,1.295398235321045,0.0012953982353210449,105058,60
tobacco,equalize,330,1000,0.0017979145050048828,1.2692208290100098,0.0012692208290100097,104630,60
tobacco,equalize,331,1000,0.0010459423065185547,1.3338773250579834,0.0013338773250579834,105374,60
tobacco,equalize,332,1000,0.0010929107666015625,1.3317663669586182,0.001331766366958618,105712,60
tobacco,equalize,333,1000,0.0014591217041015625,1.307938575744629,0.0013079385757446289,104994,60
tobacco,equalize,334,1000,0.0010797977447509766,1.3010294437408447,0.0013010294437408446,105191,60
tobacco,equalize,335,1000,0.001140594482421875,1.283332109451294,0.001283332109451294,105388,60
tobacco,equalize,336,1000,0.0013561248779296875,1.2729320526123047,0.0012729320526123048,105372,60
tobacco,equalize,337,1000,0.0011382102966308594,1.3031656742095947,0.0013031656742095946,105531,60
tobacco,equalize,338,1000,0.0011074542999267578,1.3261001110076904,0.0013261001110076904,105018,60
tobacco,equalize,339,1000,0.0016162395477294922,1.2897653579711914,0.0012897653579711913,105503,60
tobacco,equalize,340,1000,0.0010771751403808594,1.31400728225708,0.00131400728225708,105926,60
tobacco,equalize,341,1000,0.0012562274932861328,1.2679424285888672,0.0012679424285888673,104793,60
tobacco,equalize,342,1000,0.001331329345703125,1.2778003215789795,0.0012778003215789795,105166,60
tobacco,equalize,343,1000,0.0010800361633300781,1.3093857765197754,0.0013093857765197755,105784,60
tobacco,equalize,344,1000,0.0011420249938964844,1.2817490100860596,0.0012817490100860596,105527,60
tobacco,equalize,345,1000,0.0013735294342041016,1.2990689277648926,0.0012990689277648925,105386,60
tobacco,equalize,346,1000,0.0012056827545166016,1.309464693069458,0.001309464693069458,105404,60
tobacco,equalize,347,1000,0.001447916030883789,1.2845573425292969,0.0012845573425292968,105540,60
tobacco,equalize,348,1000,0.0013723373413085938,1.2956273555755615,0.0012956273555755615,105055,60
tobacco,equalize,349,1000,0.0010776519775390625,1.286592960357666,0.001286592960357666,105376,60
tobacco,equalize,350,1000,0.0013380050659179688,1.2932453155517578,0.0012932453155517578,105515,60
tobacco,equalize,351,1000,0.00139617919921875,1.2892184257507324,0.0012892184257507324,104793,60
tobacco,equalize,352,1000,0.0011000633239746094,1.2892076969146729,0.0012892076969146728,105191,60
tobacco,equalize,353,1000,0.0011317729949951172,1.2970325946807861,0.0012970325946807862,105053,60
tobacco,equalize,354,1000,0.0013937950134277344,1.2902004718780518,0.0012902004718780519,105654,60
tobacco,equalize,355,1000,0.001104593276977539,1.299846887588501,0.001299846887588501,105164,60
tobacco,equalize,356,1000,0.0011410713195800781,1.3022847175598145,0.0013022847175598144,105075,60
tobacco,equalize,357,1000,0.0014410018920898438,1.2951035499572754,0.0012951035499572754,105380,60
tobacco,equalize,358,1000,0.0010097026824951172,1.3159947395324707,0.0013159947395324707,105502,60
tobacco,equalize,359,1000,0.0011868476867675781,1.285332202911377,0.0012853322029113769,105172,60
tobacco,equalize,360,1000,0.001424551010131836,1.277327299118042,0.001277327299118042,105133,60
tobacco,equalize,361,1000,0.0011157989501953125,1.3126544952392578,0.0013126544952392577,105104,60
tobacco,equalize,362,1000,0.0012269020080566406,1.2937440872192383,0.0012937440872192382,105327,60
tobacco,equalize,363,1000,0.0014183521270751953,1.3020062446594238,0.0013020062446594239,105710,60
tobacco,equalize,364,1000,0.0010716915130615234,1.2928087711334229,0.0012928087711334228,104774,60
tobacco,equalize,365,1000,0.0011606216430664062,1.3100452423095703,0.0013100452423095703,105529,60
tobacco,equalize,366,1000,0.0013461112976074219,1.314124584197998,0.001314124584197998,105703,60
tobacco,equalize,367,1000,0.0010967254638671875,1.319427728652954,0.0013194277286529541,105456,60
tobacco,equalize,368,1000,0.0012629032135009766,1.303389072418213,0.001303389072418213,105078,60
tobacco,equalize,369,1000,0.0015292167663574219,1.3017017841339111,0.0013017017841339112,105593,60
tobacco,equalize,370,1000,0.0010704994201660156,1.301915168762207,0.001301915168762207,105466,60
tobacco,equalize,371,1000,0.0011425018310546875,1.2783141136169434,0.0012783141136169433,104804,60
tobacco,equalize,372,1000,0.0013780593872070312,1.3100533485412598,0.0013100533485412597,105411,60
tobacco,equalize,373,1000,0.0010569095611572266,1.336317539215088,0.0013363175392150878,105544,60
tobacco,equalize,374,1000,0.0011448860168457031,1.2825217247009277,0.0012825217247009277,105156,60
tobacco,equalize,375,1000,0.0013594627380371094,1.2876362800598145,0.0012876362800598145,105752,60
tobacco,equalize,376,1000,0.0013885498046875,1.3259553909301758,0.0013259553909301758,105492,60
tobacco,equalize,377,1000,0.0013556480407714844,1.3128950595855713,0.0013128950595855712,105405,60
tobacco,equalize,378,1000,0.001443624496459961,1.3019709587097168,0.0013019709587097168,105355,60
tobacco,equalize,379,1000,0.001153707504272461,1.3253331184387207,0.0013253331184387208,105910,60
tobacco,equalize,380,1000,0.0011973381042480469,1.3014254570007324,0.0013014254570007323,105523,60
tobacco,equalize,381,1000,0.0014345645904541016,1.2925503253936768,0.0012925503253936768,104864,60
tobacco,equalize,382,1000,0.0014858245849609375,1.3054978847503662,0.0013054978847503662,105556,60
tobacco,equalize,383,1000,0.0013163089752197266,1.2851142883300781,0.001285114288330078,104838,60
tobacco,equalize,384,1000,0.0013895034790039062,1.2962164878845215,0.0012962164878845214,104635,60
tobacco,equalize,385,1000,0.001497507095336914,1.3318262100219727,0.0013318262100219726,105116,60
tobacco,equalize,386,1000,0.0011241436004638672,1.2989823818206787,0.0012989823818206788,105710,60
tobacco,equalize,387,1000,0.0014600753784179688,1.3284218311309814,0.0013284218311309815,104825,60
tobacco,equalize,388,1000,0.0010764598846435547,1.3078503608703613,0.0013078503608703613,105604,60
tobacco,equalize,389,1000,0.0012695789337158203,1.3286075592041016,0.0013286075592041015,105358,60
tobacco,equalize,390,1000,0.0014219284057617188,1.3061463832855225,0.0013061463832855225,105609,60
tobacco,equalize,391,1000,0.0011472702026367188,1.3000195026397705,0.0013000195026397704,104999,60
tobacco,equalize,392,1000,0.001207590103149414,1.2837669849395752,0.0012837669849395752,104841,60
tobacco,equalize,393,1000,0.0017726421356201172,1.292825698852539,0.001292825698852539,105041,60
tobacco,equalize,394,1000,0.001066446304321289,1.3126659393310547,0.0013126659393310547,105147,60
tobacco,equalize,395,1000,0.0015552043914794922,1.2990443706512451,0.0012990443706512452,105424,60
tobacco,equalize,396,1000,0.001432180404663086,1.7159245014190674,0.0017159245014190675,104730,60
tobacco,equalize,397,1000,0.001125335693359375,1.4839708805084229,0.001483970880508423,105113,60
tobacco,equalize,398,1000,0.0011136531829833984,2.0602867603302,0.0020602867603302,105128,60
tobacco,equalize,399,1000,0.0018045902252197266,2.0705747604370117,0.002070574760437012,105441,60
tobacco,equalize,400,1000,0.0011069774627685547,2.0766279697418213,0.0020766279697418213,105332,60
tobacco,equalize,401,1000,0.0013151168823242188,2.1617233753204346,0.0021617233753204344,105075,60
tobacco,equalize,402,1000,0.0014083385467529297,2.077202558517456,0.002077202558517456,105483,60
tobacco,equalize,403,1000,0.0010979175567626953,2.0997986793518066,0.0020997986793518065,105844,60
tobacco,equalize,404,1000,0.0009903907775878906,1.3085370063781738,0.0013085370063781738,105617,60
tobacco,equalize,405,1000,0.00122833251953125,1.367112398147583,0.001367112398147583,104733,60
tobacco,equalize,406,1000,0.0016467571258544922,1.3176276683807373,0.0013176276683807373,104993,60
tobacco,equalize,407,1000,0.0011606216430664062,1.3049776554107666,0.0013049776554107666,105474,60
tobacco,equalize,408,1000,0.0012776851654052734,1.3065543174743652,0.0013065543174743653,105272,60
tobacco,equalize,409,1000,0.0011556148529052734,1.3653340339660645,0.0013653340339660645,105213,60
tobacco,equalize,410,1000,0.0011298656463623047,1.370854377746582,0.001370854377746582,105412,60
tobacco,equalize,411,1000,0.0015897750854492188,1.366394281387329,0.0013663942813873292,105179,60
tobacco,equalize,412,1000,0.0013628005981445312,1.3224542140960693,0.0013224542140960692,104684,60
tobacco,equalize,413,1000,0.0010623931884765625,1.312551736831665,0.001312551736831665,105655,60
tobacco,equalize,414,1000,0.0013382434844970703,1.3305001258850098,0.0013305001258850098,106246,60
tobacco,equalize,415,1000,0.0012583732604980469,1.3861563205718994,0.0013861563205718995,106353,60
tobacco,equalize,416,1000,0.0011322498321533203,1.2925467491149902,0.0012925467491149902,105458,60
tobacco,equalize,417,1000,0.0012519359588623047,1.3300881385803223,0.0013300881385803222,105276,60
tobacco,equalize,418,1000,0.0011267662048339844,1.36686110496521,0.00136686110496521,105488,60
tobacco,equalize,419,1000,0.0011644363403320312,1.3249242305755615,0.0013249242305755616,105370,60
tobacco,equalize,420,1000,0.0012798309326171875,1.3051433563232422,0.001305143356323242,105416,60
tobacco,equalize,421,1000,0.001440286636352539,1.317077398300171,0.0013170773983001709,105172,60
tobacco,equalize,422,1000,0.0011889934539794922,1.283721923828125,0.001283721923828125,105326,60
tobacco,equalize,423,1000,0.0012395381927490234,1.2942404747009277,0.0012942404747009278,105266,60
tobacco,equalize,424,1000,0.0011870861053466797,1.3182544708251953,0.0013182544708251953,104822,60
tobacco,equalize,425,1000,0.0010819435119628906,1.2906758785247803,0.0012906758785247803,105383,60
tobacco,equalize,426,1000,0.0013020038604736328,1.3058927059173584,0.0013058927059173583,105201,60
tobacco,equalize,427,1000,0.0011866092681884766,1.3958704471588135,0.0013958704471588135,104525,60
tobacco,equalize,428,1000,0.0011398792266845703,1.299772024154663,0.0012997720241546631,105553,60
tobacco,equalize,429,1000,0.0012257099151611328,1.3008227348327637,0.0013008227348327637,105339,60
tobacco,equalize,430,1000,0.0011131763458251953,1.2966701984405518,0.0012966701984405517,105273,60
tobacco,equalize,431,1000,0.0011105537414550781,1.340075969696045,0.0013400759696960448,106011,60
tobacco,equalize,432,1000,0.0012748241424560547,1.3042373657226562,0.0013042373657226563,105362,60
tobacco,equalize,433,1000,0.00107574462890625,1.3267669677734375,0.0013267669677734374,105450,60
tobacco,equalize,434,1000,0.0012290477752685547,1.2779436111450195,0.0012779436111450195,105142,60
tobacco,equalize,435,1000,0.001232147216796875,1.3025975227355957,0.0013025975227355957,105629,60
tobacco,equalize,436,1000,0.0011456012725830078,1.2843399047851562,0.0012843399047851563,104776,60
tobacco,equalize,437,1000,0.0010728836059570312,1.2972078323364258,0.0012972078323364258,105385,60
tobacco,equalize,438,1000,0.001257181167602539,1.3140571117401123,0.0013140571117401124,105058,60
tobacco,equalize,439,1000,0.0010287761688232422,1.30611252784729,0.00130611252784729,105538,60
tobacco,equalize,440,1000,0.0011105537414550781,1.3347787857055664,0.0013347787857055664,105349,60
tobacco,equalize,441,1000,0.001232147216796875,1.3086555004119873,0.0013086555004119874,104955,60
tobacco,equalize,442,1000,0.001104116439819336,1.3521442413330078,0.0013521442413330078,104961,60
tobacco,equalize,443,1000,0.0010526180267333984,1.2996108531951904,0.0012996108531951904,105867,60
tobacco,equalize,444,1000,0.0012824535369873047,1.2958364486694336,0.0012958364486694335,105572,60
tobacco,equalize,445,1000,0.0010902881622314453,1.326796293258667,0.001326796293258667,105332,60
tobacco,equalize,446,1000,0.0014455318450927734,1.3033206462860107,0.0013033206462860108,105780,60
tobacco,equalize,447,1000,0.001699209213256836,1.294884443283081,0.001294884443283081,105546,60
tobacco,equalize,448,1000,0.0010988712310791016,1.3039534091949463,0.0013039534091949462,104988,60
tobacco,equalize,449,1000,0.0010662078857421875,1.2882544994354248,0.0012882544994354248,105044,60
tobacco,equalize,450,1000,0.0013120174407958984,1.2920422554016113,0.0012920422554016113,105202,60
tobacco,equalize,451,1000,0.0010859966278076172,1.3001718521118164,0.0013001718521118164,104964,60
tobacco,equalize,452,1000,0.0011167526245117188,1.285240650177002,0.0012852406501770019,105720,60
tobacco,equalize,453,1000,0.0016644001007080078,1.2824585437774658,0.0012824585437774658,105653,60
tobacco,equalize,454,1000,0.001285552978515625,1.3012514114379883,0.0013012514114379883,105379,60
tobacco,equalize,455,1000,0.0010900497436523438,1.2951633930206299,0.00129516339302063,105562,60
tobacco,equalize,456,1000,0.001325845718383789,1.3803131580352783,0.0013803131580352784,105984,60
tobacco,equalize,457,1000,0.0014445781707763672,1.2838449478149414,0.0012838449478149415,105261,60
tobacco,equalize,458,1000,0.001088857650756836,1.301426649093628,0.0013014266490936279,105102,60
tobacco,equalize,459,1000,0.0015273094177246094,1.3160147666931152,0.0013160147666931151,105302,60
tobacco,equalize,460,1000,0.0010707378387451172,1.3176429271697998,0.0013176429271697999,105277,60
tobacco,equalize,461,1000,0.0012390613555908203,1.2822058200836182,0.0012822058200836182,105176,60
tobacco,equalize,462,1000,0.0017611980438232422,1.3177545070648193,0.0013177545070648194,105758,60
tobacco,equalize,463,1000,0.0011184215545654297,1.3088769912719727,0.0013088769912719728,105880,60
tobacco,equalize,464,1000,0.0014736652374267578,1.3145580291748047,0.0013145580291748047,105156,60
tobacco,equalize,465,1000,0.001653432846069336,1.2798893451690674,0.0012798893451690674,105125,60
tobacco,equalize,466,1000,0.0010819435119628906,1.293292760848999,0.001293292760848999,105624,60
tobacco,equalize,467,1000,0.0011632442474365234,1.308638572692871,0.0013086385726928712,105033,60
tobacco,equalize,468,1000,0.0013895034790039062,1.3392448425292969,0.0013392448425292968,104916,60
tobacco,equalize,469,1000,0.0010712146759033203,1.3098242282867432,0.0013098242282867433,105298,60
tobacco,equalize,470,1000,0.0010950565338134766,1.3045251369476318,0.0013045251369476318,105373,60
tobacco,equalize,471,1000,0.0013399124145507812,1.3267276287078857,0.0013267276287078857,104909,60
tobacco,equalize,472,1000,0.0010771751403808594,1.3076796531677246,0.0013076796531677245,104807,60
tobacco,equalize,473,1000,0.0010759830474853516,1.294771671295166,0.001294771671295166,105345,60
tobacco,equalize,474,1000,0.0013165473937988281,1.3108716011047363,0.0013108716011047364,105126,60
tobacco,equalize,475,1000,0.0011341571807861328,1.3068628311157227,0.0013068628311157227,104965,60
tobacco,equalize,476,1000,0.001100778579711914,1.3254790306091309,0.001325479030609131,105771,60
tobacco,equalize,477,1000,0.0013859272003173828,1.2993462085723877,0.0012993462085723877,105137,60
tobacco,equalize,478,1000,0.0010781288146972656,1.318457841873169,0.001318457841873169,104991,60
tobacco,equalize,479,1000,0.0011394023895263672,1.304027795791626,0.0013040277957916259,105332,60
tobacco,equalize,480,1000,0.0013289451599121094,1.2966792583465576,0.0012966792583465577,105138,60
tobacco,equalize,481,1000,0.0010821819305419922,1.3016414642333984,0.0013016414642333983,105607,60
tobacco,equalize,482,1000,0.0011279582977294922,1.328113317489624,0.0013281133174896241,105671,60
tobacco,equalize,483,1000,0.0013887882232666016,1.3291709423065186,0.0013291709423065186,105234,60
tobacco,equalize,484,1000,0.0016374588012695312,1.4659550189971924,0.0014659550189971924,104813,60
tobacco,equalize,485,1000,0.0011203289031982422,1.289374828338623,0.001289374828338623,105598,60
tobacco,equalize,486,1000,0.0013985633850097656,1.2883822917938232,0.0012883822917938233,105813,60
tobacco,equalize,487,1000,0.0010700225830078125,1.3270719051361084,0.0013270719051361084,105841,60
tobacco,equalize,488,1000,0.0012450218200683594,1.3239903450012207,0.0013239903450012207,105261,60
tobacco,equalize,489,1000,0.0019085407257080078,1.301307201385498,0.0013013072013854981,104853,60
tobacco,equalize,490,1000,0.0014607906341552734,1.308002233505249,0.001308002233505249,105325,60
tobacco,equalize,491,1000,0.001146554946899414,1.2808568477630615,0.0012808568477630615,105001,60
tobacco,equalize,492,1000,0.001439809799194336,1.292959451675415,0.001292959451675415,104741,60
tobacco,equalize,493,1000,0.0010707378387451172,1.3213856220245361,0.001321385622024536,105449,60
tobacco,equalize,494,1000,0.0014796257019042969,1.2892396450042725,0.0012892396450042724,105069,60
tobacco,equalize,495,1000,0.0014047622680664062,1.3083674907684326,0.0013083674907684326,106086,60
tobacco,equalize,496,1000,0.0010690689086914062,1.3209364414215088,0.0013209364414215087,105876,60
tobacco,equalize,497,1000,0.0012226104736328125,1.3084070682525635,0.0013084070682525635,105873,60
tobacco,equalize,498,1000,0.0014646053314208984,1.2946281433105469,0.001294628143310547,105414,60
tobacco,equalize,499,1000,0.0010809898376464844,1.3180747032165527,0.0013180747032165527,105175,60
tobacco,equalize,500,1000,0.0010828971862792969,1.2949113845825195,0.0012949113845825196,105094,60
tobacco,equalize,501,1000,0.0014462471008300781,1.3126628398895264,0.0013126628398895264,104902,60
tobacco,equalize,502,1000,0.001073598861694336,1.338695764541626,0.001338695764541626,105094,60
tobacco,equalize,503,1000,0.0011250972747802734,1.3560893535614014,0.0013560893535614013,105850,60
tobacco,equalize,504,1000,0.0017533302307128906,1.292433738708496,0.001292433738708496,105332,60
tobacco,equalize,505,1000,0.0010654926300048828,1.3348026275634766,0.0013348026275634766,105487,60
tobacco,equalize,506,1000,0.0011606216430664062,1.2958145141601562,0.0012958145141601562,105085,60
tobacco,equalize,507,1000,0.0013589859008789062,1.2917916774749756,0.0012917916774749757,105469,60
tobacco,equalize,508,1000,0.0014600753784179688,1.3378558158874512,0.0013378558158874511,104809,60
tobacco,equalize,509,1000,0.0015711784362792969,1.2884647846221924,0.0012884647846221923,105059,60
tobacco,equalize,510,1000,0.0014803409576416016,1.2892217636108398,0.0012892217636108398,105248,60
tobacco,equalize,511,1000,0.0011339187622070312,1.3174538612365723,0.0013174538612365722,105313,60
tobacco,equalize,512,1000,0.0011165142059326172,1.3119521141052246,0.0013119521141052245,105074,60
tobacco,equalize,513,1000,0.001603841781616211,1.2941327095031738,0.0012941327095031738,105549,60
tobacco,equalize,514,1000,0.0010786056518554688,1.3335976600646973,0.0013335976600646973,105231,60
tobacco,equalize,515,1000,0.0012083053588867188,1.3217902183532715,0.0013217902183532714,106136,60
tobacco,equalize,516,1000,0.0013611316680908203,1.299926519393921,0.001299926519393921,105549,60
tobacco,equalize,517,1000,0.0010788440704345703,1.322887897491455,0.001322887897491455,104813,60
tobacco,equalize,518,1000,0.001529693603515625,1.3178579807281494,0.0013178579807281495,105148,60
tobacco,equalize,519,1000,0.0014040470123291016,1.3026235103607178,0.0013026235103607178,105943,60
tobacco,equalize,520,1000,0.0010445117950439453,1.323941946029663,0.0013239419460296632,105208,60
tobacco,equalize,521,1000,0.0013861656188964844,1.3102245330810547,0.0013102245330810546,104972,60
tobacco,equalize,522,1000,0.001851797103881836,1.3140678405761719,0.001314067840576172,105516,60
tobacco,equalize,523,1000,0.0015134811401367188,1.3838396072387695,0.0013838396072387695,105513,60
tobacco,equalize,524,1000,0.0011191368103027344,1.2939085960388184,0.0012939085960388184,105708,60
tobacco,equalize,525,1000,0.0014390945434570312,1.320429801940918,0.0013204298019409179,105151,60
tobacco,equalize,526,1000,0.0012919902801513672,1.3542606830596924,0.0013542606830596923,104700,60
tobacco,equalize,527,1000,0.0015463829040527344,1.3158082962036133,0.0013158082962036132,105494,60
tobacco,equalize,528,1000,0.0015535354614257812,1.345937728881836,0.001345937728881836,105330,60
tobacco,equalize,529,1000,0.0011281967163085938,1.4097774028778076,0.0014097774028778076,105414,60
tobacco,equalize,530,1000,0.0011303424835205078,1.3067939281463623,0.0013067939281463624,105262,60
tobacco,equalize,531,1000,0.0015861988067626953,1.3211374282836914,0.0013211374282836915,105163,60
tobacco,equalize,532,1000,0.0011768341064453125,1.3460698127746582,0.0013460698127746582,105205,60
tobacco,equalize,533,1000,0.001115560531616211,1.2875165939331055,0.0012875165939331054,104686,60
tobacco,equalize,534,1000,0.0014615058898925781,1.340338945388794,0.0013403389453887939,105650,60
tobacco,equalize,535,1000,0.0010638236999511719,1.338947057723999,0.001338947057723999,105229,60
tobacco,equalize,536,1000,0.0011191368103027344,1.3060548305511475,0.0013060548305511475,105612,60
tobacco,equalize,537,1000,0.0014798641204833984,1.3283960819244385,0.0013283960819244385,105782,60
tobacco,equalize,538,1000,0.0011546611785888672,1.3401236534118652,0.0013401236534118653,105159,60
tobacco,equalize,539,1000,0.0010683536529541016,1.3061354160308838,0.0013061354160308837,106354,60
tobacco,equalize,540,1000,0.0014829635620117188,1.7952256202697754,0.0017952256202697753,105117,60
tobacco,equalize,541,1000,0.0010528564453125,1.4895474910736084,0.0014895474910736083,104848,60
tobacco,equalize,542,1000,0.0011096000671386719,2.0612151622772217,0.0020612151622772215,105595,60
tobacco,equalize,543,1000,0.0016286373138427734,2.08406138420105,0.0020840613842010498,105364,60
tobacco,equalize,544,1000,0.0010695457458496094,2.025254249572754,0.0020252542495727537,105290,60
tobacco,equalize,545,1000,0.0011076927185058594,2.0796728134155273,0.0020796728134155275,105023,60
tobacco,equalize,546,1000,0.0014710426330566406,2.1384174823760986,0.002138417482376099,105268,60
tobacco,equalize,547,1000,0.0014140605926513672,2.2241764068603516,0.0022241764068603514,106347,60
tobacco,equalize,548,1000,0.0010006427764892578,1.318587303161621,0.001318587303161621,105206,60
tobacco,equalize,549,1000,0.0012238025665283203,1.3413589000701904,0.0013413589000701904,105846,60
tobacco,equalize,550,1000,0.0012183189392089844,1.2977807521820068,0.001297780752182007,105069,60
tobacco,equalize,551,1000,0.0010769367218017578,1.277855396270752,0.001277855396270752,104856,60
tobacco,equalize,552,1000,0.0013318061828613281,1.3103716373443604,0.0013103716373443603,105449,60
tobacco,equalize,553,1000,0.0011212825775146484,1.307593822479248,0.001307593822479248,105056,60
tobacco,equalize,554,1000,0.0011434555053710938,1.3545985221862793,0.0013545985221862793,105164,60
tobacco,equalize,555,1000,0.0012202262878417969,1.303865671157837,0.001303865671157837,105303,60
tobacco,equalize,556,1000,0.0011053085327148438,1.3166406154632568,0.0013166406154632567,105779,60
tobacco,equalize,557,1000,0.0010349750518798828,1.2737460136413574,0.0012737460136413574,105275,60
tobacco,equalize,558,1000,0.0012404918670654297,1.3532524108886719,0.001353252410888672,105845,60
tobacco,equalize,559,1000,0.0010488033294677734,1.3013899326324463,0.0013013899326324463,105570,60
tobacco,equalize,560,1000,0.0011053085327148438,1.3113963603973389,0.001311396360397339,104879,60
tobacco,equalize,561,1000,0.0016758441925048828,1.3208560943603516,0.0013208560943603516,105225,60
tobacco,equalize,562,1000,0.0011103153228759766,1.3073065280914307,0.0013073065280914307,105700,60
tobacco,equalize,563,1000,0.001058340072631836,1.2839617729187012,0.0012839617729187012,105244,60
tobacco,equalize,564,1000,0.0012295246124267578,1.3080008029937744,0.0013080008029937745,105224,60
tobacco,equalize,565,1000,0.0010638236999511719,1.3155536651611328,0.001315553665161133,105609,60
tobacco,equalize,566,1000,0.0011105537414550781,1.301361083984375,0.001301361083984375,104901,60
tobacco,equalize,567,1000,0.001672983169555664,1.3490219116210938,0.0013490219116210937,105997,60
tobacco,equalize,568,1000,0.001247406005859375,1.3221044540405273,0.0013221044540405273,105744,60
tobacco,equalize,569,1000,0.0010592937469482422,1.2955269813537598,0.0012955269813537597,105188,60
tobacco,equalize,570,1000,0.0012476444244384766,1.2978713512420654,0.0012978713512420655,105516,60
tobacco,equalize,571,1000,0.0011272430419921875,1.305927038192749,0.001305927038192749,105327,60
tobacco,equalize,572,1000,0.001171112060546875,1.3705289363861084,0.0013705289363861084,105261,60
tobacco,equalize,573,1000,0.0012099742889404297,1.275836706161499,0.001275836706161499,105368,60
tobacco,equalize,574,1000,0.0011119842529296875,1.2935223579406738,0.001293522357940674,105567,60
tobacco,equalize,575,1000,0.0010652542114257812,1.2855830192565918,0.0012855830192565918,105606,60
tobacco,equalize,576,1000,0.0016131401062011719,1.3067140579223633,0.0013067140579223634,105273,60
tobacco,equalize,577,1000,0.0010256767272949219,1.2875738143920898,0.0012875738143920898,105044,60
tobacco,equalize,578,1000,0.0011055469512939453,1.3171966075897217,0.0013171966075897217,104998,60
tobacco,equalize,579,1000,0.0015728473663330078,1.3531215190887451,0.0013531215190887452,105211,60
tobacco,equalize,580,1000,0.0011038780212402344,1.3094878196716309,0.001309487819671631,105731,60
tobacco,equalize,581,1000,0.0011506080627441406,1.293283462524414,0.001293283462524414,105426,60
tobacco,equalize,582,1000,0.0012674331665039062,1.2983722686767578,0.0012983722686767578,104608,60
tobacco,equalize,583,1000,0.0010390281677246094,1.3377211093902588,0.0013377211093902588,104894,60
tobacco,equalize,584,1000,0.0011396408081054688,1.3733410835266113,0.0013733410835266113,104849,60
tobacco,equalize,585,1000,0.0012576580047607422,1.283815622329712,0.0012838156223297119,104749,60
tobacco,equalize,586,1000,0.001081228256225586,1.2881784439086914,0.0012881784439086913,105501,60
tobacco,equalize,587,1000,0.0011425018310546875,1.375486135482788,0.0013754861354827882,105190,60
tobacco,equalize,588,1000,0.0013079643249511719,1.2746384143829346,0.0012746384143829345,105530,60
tobacco,equalize,589,1000,0.0010225772857666016,1.2949566841125488,0.0012949566841125488,105668,60
tobacco,equalize,590,1000,0.0011012554168701172,1.3377702236175537,0.0013377702236175538,105320,60
tobacco,equalize,591,1000,0.0012726783752441406,1.3265089988708496,0.0013265089988708496,104958,60
tobacco,equalize,592,1000,0.0010137557983398438,1.3115098476409912,0.0013115098476409912,105008,60
tobacco,equalize,593,1000,0.0010957717895507812,1.2984700202941895,0.0012984700202941894,104922,60
tobacco,equalize,594,1000,0.0012619495391845703,1.3002898693084717,0.0013002898693084716,105977,60
tobacco,equalize,595,1000,0.0010838508605957031,1.2995572090148926,0.0012995572090148926,105689,60
tobacco,equalize,596,1000,0.0010709762573242188,1.3040060997009277,0.0013040060997009278,105227,60
tobacco,equalize,597,1000,0.0013175010681152344,1.2977266311645508,0.0012977266311645509,105522,60
tobacco,equalize,598,1000,0.0010776519775390625,1.3032863140106201,0.00130328631401062,105413,60
tobacco,equalize,599,1000,0.0011785030364990234,1.3765218257904053,0.0013765218257904054,105324,60
tobacco,equalize,600,1000,0.0012857913970947266,1.2909622192382812,0.0012909622192382813,105038,60
tobacco,equalize,601,1000,0.0011272430419921875,1.2979741096496582,0.0012979741096496582,105553,60
tobacco,equalize,602,1000,0.0011932849884033203,1.2752180099487305,0.0012752180099487305,105052,60
tobacco,equalize,603,1000,0.0013134479522705078,1.3059413433074951,0.0013059413433074952,105135,60
tobacco,equalize,604,1000,0.0010728836059570312,1.3214852809906006,0.0013214852809906006,106104,60
tobacco,equalize,605,1000,0.001201629638671875,1.2922155857086182,0.001292215585708618,105299,60
tobacco,equalize,606,1000,0.0017130374908447266,1.2925524711608887,0.0012925524711608887,105807,60
tobacco,equalize,607,1000,0.0011105537414550781,1.3165435791015625,0.0013165435791015626,105604,60
tobacco,equalize,608,1000,0.0012102127075195312,1.2990045547485352,0.0012990045547485352,105609,60
tobacco,equalize,609,1000,0.0012912750244140625,1.2930059432983398,0.00129300594329834,105101,60
tobacco,equalize,610,1000,0.0011682510375976562,1.302140712738037,0.001302140712738037,105989,60
tobacco,equalize,611,1000,0.0010890960693359375,1.3138775825500488,0.0013138775825500488,105195,60
tobacco,equalize,612,1000,0.0013103485107421875,1.3019120693206787,0.0013019120693206787,105478,60
tobacco,equalize,613,1000,0.0010762214660644531,1.3118159770965576,0.0013118159770965576,105362,60
tobacco,equalize,614,1000,0.0012216567993164062,1.2969152927398682,0.0012969152927398682,105481,60
tobacco,equalize,615,1000,0.0013489723205566406,1.2924323081970215,0.0012924323081970215,104911,60
tobacco,equalize,616,1000,0.001062154769897461,1.3160908222198486,0.0013160908222198486,105127,60
tobacco,equalize,617,1000,0.0010483264923095703,1.3042333126068115,0.0013042333126068114,105484,60
tobacco,equalize,618,1000,0.0013363361358642578,1.296741008758545,0.001296741008758545,105329,60
tobacco,equalize,619,1000,0.0012362003326416016,1.3087825775146484,0.0013087825775146484,104742,60
tobacco,equalize,620,1000,0.001178741455078125,1.3038160800933838,0.0013038160800933837,104755,60
tobacco,equalize,621,1000,0.0013134479522705078,1.306086778640747,0.001306086778640747,104928,60
tobacco,equalize,622,1000,0.0014605522155761719,1.3087379932403564,0.0013087379932403564,105480,60
tobacco,equalize,623,1000,0.0011115074157714844,1.3187205791473389,0.0013187205791473388,105287,60
tobacco,equalize,624,1000,0.00136566162109375,1.3092846870422363,0.0013092846870422362,105302,60
tobacco,equalize,625,1000,0.0010988712310791016,1.360849142074585,0.0013608491420745849,104902,60
tobacco,equalize,626,1000,0.0014870166778564453,1.2777695655822754,0.0012777695655822755,104649,60
tobacco,equalize,627,1000,0.0013489723205566406,1.3716509342193604,0.0013716509342193604,105601,60
tobacco,equalize,628,1000,0.00118255615234375,1.3142163753509521,0.0013142163753509521,105032,60
tobacco,equalize,629,1000,0.0011267662048339844,1.2958149909973145,0.0012958149909973145,105531,60
tobacco,equalize,630,1000,0.0013566017150878906,1.312105655670166,0.001312105655670166,105395,60
tobacco,equalize,631,1000,0.001092672348022461,1.34303617477417,0.0013430361747741699,105539,60
tobacco,equalize,632,1000,0.0011501312255859375,1.3084757328033447,0.0013084757328033448,105225,60
tobacco,equalize,633,1000,0.0013849735260009766,1.3549859523773193,0.0013549859523773193,104973,60
tobacco,equalize,634,1000,0.001140594482421875,1.3211441040039062,0.0013211441040039062,105296,60
tobacco,equalize,635,1000,0.001506805419921875,1.300638198852539,0.001300638198852539,105321,60
tobacco,equalize,636,1000,0.0017435550689697266,1.3118946552276611,0.001311894655227661,105419,60
tobacco,equalize,637,1000,0.0010962486267089844,1.3731698989868164,0.0013731698989868165,104881,60
tobacco,equalize,638,1000,0.0011739730834960938,1.3058273792266846,0.0013058273792266846,105263,60
tobacco,equalize,639,1000,0.0013883113861083984,1.3620879650115967,0.0013620879650115968,105276,60
tobacco,equalize,640,1000,0.00115966796875,1.3468666076660156,0.0013468666076660155,105166,60
tobacco,equalize,641,1000,0.001295328140258789,1.296412467956543,0.001296412467956543,105500,60
tobacco,equalize,642,1000,0.0013489723205566406,1.2918810844421387,0.0012918810844421388,105107,60
tobacco,equalize,643,1000,0.001157999038696289,1.319819450378418,0.001319819450378418,105200,60
tobacco,equalize,644,1000,0.0011148452758789062,1.312225580215454,0.001312225580215454,105775,60
tobacco,equalize,645,1000,0.0014340877532958984,1.3351330757141113,0.0013351330757141113,105030,60
tobacco,equalize,646,1000,0.0010914802551269531,1.3247690200805664,0.0013247690200805665,105232,60
tobacco,equalize,647,1000,0.0011136531829833984,1.2934544086456299,0.0012934544086456298,105048,60
tobacco,equalize,648,1000,0.0013203620910644531,1.3059680461883545,0.0013059680461883546,105774,60
tobacco,equalize,649,1000,0.001069784164428711,1.339407205581665,0.0013394072055816651,105221,60
tobacco,equalize,650,1000,0.0011861324310302734,1.3910605907440186,0.0013910605907440185,105087,60
tobacco,equalize,651,1000,0.00136566162109375,1.2993366718292236,0.0012993366718292237,105401,60
tobacco,equalize,652,1000,0.0010542869567871094,1.3452918529510498,0.0013452918529510498,105282,60
tobacco,equalize,653,1000,0.0011217594146728516,1.2966194152832031,0.0012966194152832032,105409,60
tobacco,equalize,654,1000,0.0014910697937011719,1.30314040184021,0.00130314040184021,104763,60
tobacco,equalize,655,1000,0.0010786056518554688,1.3349595069885254,0.0013349595069885253,104928,60
tobacco,equalize,656,1000,0.0011444091796875,1.3138251304626465,0.0013138251304626466,105938,60
tobacco,equalize,657,1000,0.0013799667358398438,1.3190181255340576,0.0013190181255340577,105597,60
tobacco,equalize,658,1000,0.0011243820190429688,1.3704864978790283,0.0013704864978790283,105060,60
tobacco,equalize,659,1000,0.0012302398681640625,1.3162009716033936,0.0013162009716033935,105380,60
tobacco,equalize,660,1000,0.0013747215270996094,1.311183214187622,0.0013111832141876221,106163,60
tobacco,equalize,661,1000,0.0014829635620117188,1.3508868217468262,0.0013508868217468261,105241,60
tobacco,equalize,662,1000,0.001149892807006836,1.3193175792694092,0.001319317579269409,105246,60
tobacco,equalize,663,1000,0.0013659000396728516,1.3199515342712402,0.0013199515342712403,104990,60
tobacco,equalize,664,1000,0.0015485286712646484,1.3291778564453125,0.0013291778564453124,105317,60
tobacco,equalize,665,1000,0.0010790824890136719,1.3086521625518799,0.00130865216255188,105174,60
tobacco,equalize,666,1000,0.001542806625366211,1.3210294246673584,0.0013210294246673584,105991,60
tobacco,equalize,667,1000,0.0011103153228759766,1.326683521270752,0.001326683521270752,106074,60
tobacco,equalize,668,1000,0.0011222362518310547,1.2944691181182861,0.0012944691181182861,104424,60
tobacco,equalize,669,1000,0.001341104507446289,1.3463101387023926,0.0013463101387023925,105109,60
tobacco,equalize,670,1000,0.0014743804931640625,1.3327429294586182,0.0013327429294586182,104949,60
tobacco,equalize,671,1000,0.0011653900146484375,1.3252277374267578,0.001325227737426758,105182,60
tobacco,equalize,672,1000,0.0018727779388427734,1.3128671646118164,0.0013128671646118165,105605,60
tobacco,equalize,673,1000,0.0010731220245361328,1.3270070552825928,0.0013270070552825928,105360,60
tobacco,equalize,674,1000,0.0012142658233642578,1.3281221389770508,0.0013281221389770507,105318,60
tobacco,equalize,675,1000,0.001814126968383789,1.323577642440796,0.001323577642440796,105097,60
tobacco,equalize,676,1000,0.0011985301971435547,1.3364167213439941,0.001336416721343994,105177,60
tobacco,equalize,677,1000,0.0012021064758300781,1.3531134128570557,0.0013531134128570556,105071,60
tobacco,equalize,678,1000,0.0014944076538085938,1.3000710010528564,0.0013000710010528565,105488,60
tobacco,equalize,679,1000,0.0015246868133544922,1.334810495376587,0.0013348104953765868,105399,60
tobacco,equalize,680,1000,0.0012204647064208984,1.3036150932312012,0.0013036150932312011,105482,60
tobacco,equalize,681,1000,0.0015575885772705078,1.394425630569458,0.0013944256305694581,105342,60
tobacco,equalize,682,1000,0.0011444091796875,1.3423752784729004,0.0013423752784729004,104823,60
tobacco,equalize,683,1000,0.0011374950408935547,1.317918300628662,0.0013179183006286621,105504,60
tobacco,equalize,684,1000,0.0013856887817382812,1.7729411125183105,0.0017729411125183105,105511,60
tobacco,equalize,685,1000,0.001071929931640625,1.5012431144714355,0.0015012431144714356,105220,60
tobacco,equalize,686,1000,0.001081705093383789,2.1291887760162354,0.0021291887760162354,106044,60
tobacco,equalize,687,1000,0.0015234947204589844,2.121415138244629,0.002121415138244629,105358,60
tobacco,equalize,688,1000,0.001077413558959961,1.9912610054016113,0.0019912610054016113,105135,60
tobacco,equalize,689,1000,0.0011794567108154297,2.0668082237243652,0.0020668082237243653,105179,60
tobacco,equalize,690,1000,0.0013849735260009766,2.080115795135498,0.0020801157951354982,105056,60
tobacco,equalize,691,1000,0.0010521411895751953,2.201889753341675,0.002201889753341675,105512,60
tobacco,equalize,692,1000,0.0009226799011230469,1.332007884979248,0.001332007884979248,105414,60
tobacco,equalize,693,1000,0.0011949539184570312,1.302320957183838,0.0013023209571838379,105026,60
tobacco,equalize,694,1000,0.0013248920440673828,1.3018741607666016,0.0013018741607666016,105575,60
tobacco,equalize,695,1000,0.0010852813720703125,1.3160853385925293,0.0013160853385925293,105401,60
tobacco,equalize,696,1000,0.001317739486694336,1.5416028499603271,0.0015416028499603272,104939,60
tobacco,equalize,697,1000,0.0012247562408447266,1.3172667026519775,0.0013172667026519775,105132,60
tobacco,equalize,698,1000,0.0014679431915283203,1.320483684539795,0.001320483684539795,106013,60
tobacco,equalize,699,1000,0.0012924671173095703,1.4081506729125977,0.0014081506729125978,105134,60
tobacco,equalize,700,1000,0.0011584758758544922,1.3254320621490479,0.001325432062149048,105091,60
tobacco,equalize,701,1000,0.0012633800506591797,1.5763356685638428,0.0015763356685638428,104981,60
tobacco,equalize,702,1000,0.0014629364013671875,1.687629222869873,0.0016876292228698731,105382,60
tobacco,equalize,703,1000,0.0013363361358642578,1.4231188297271729,0.001423118829727173,105827,60
tobacco,equalize,704,1000,0.0011241436004638672,1.3300938606262207,0.0013300938606262208,105348,60
tobacco,equalize,705,1000,0.0012691020965576172,1.3290131092071533,0.0013290131092071533,104609,60
tobacco,equalize,706,1000,0.0011212825775146484,1.3151781558990479,0.0013151781558990478,105081,60
tobacco,equalize,707,1000,0.0010864734649658203,1.3223176002502441,0.0013223176002502442,105371,60
tobacco,equalize,708,1000,0.00127410888671875,1.3021786212921143,0.0013021786212921143,105088,60
tobacco,equalize,709,1000,0.0011494159698486328,1.3701858520507812,0.0013701858520507812,105286,60
tobacco,equalize,710,1000,0.0011324882507324219,1.3107454776763916,0.0013107454776763916,105086,60
tobacco,equalize,711,1000,0.0012726783752441406,1.3371179103851318,0.001337117910385132,105677,60
tobacco,equalize,712,1000,0.0012371540069580078,1.3326706886291504,0.0013326706886291504,105156,60
tobacco,equalize,713,1000,0.0010714530944824219,1.321866750717163,0.001321866750717163,105057,60
tobacco,equalize,714,1000,0.001270294189453125,1.3156688213348389,0.0013156688213348388,105192,60
tobacco,equalize,715,1000,0.001191854476928711,1.3227639198303223,0.0013227639198303222,106070,60
tobacco,equalize,716,1000,0.0012881755828857422,1.328718900680542,0.001328718900680542,105329,60
tobacco,equalize,717,1000,0.0012297630310058594,1.315713882446289,0.001315713882446289,105433,60
tobacco,equalize,718,1000,0.0011680126190185547,1.3023309707641602,0.0013023309707641602,105475,60
tobacco,equalize,719,1000,0.0010523796081542969,1.3591179847717285,0.0013591179847717285,105771,60
tobacco,equalize,720,1000,0.001306295394897461,1.3127026557922363,0.0013127026557922363,105593,60
tobacco,equalize,721,1000,0.0015022754669189453,1.344036340713501,0.0013440363407135009,105373,60
tobacco,equalize,722,1000,0.001531839370727539,1.3052573204040527,0.0013052573204040527,105473,60
tobacco,equalize,723,1000,0.0012161731719970703,1.2952544689178467,0.0012952544689178466,105078,60
tobacco,equalize,724,1000,0.0010492801666259766,1.3017220497131348,0.0013017220497131348,104923,60
tobacco,equalize,725,1000,0.001180887222290039,1.3367621898651123,0.0013367621898651124,105681,60
tobacco,equalize,726,1000,0.0012743473052978516,1.3316102027893066,0.0013316102027893066,104931,60
tobacco,equalize,727,1000,0.0010650157928466797,1.3249590396881104,0.0013249590396881103,105334,60
tobacco,equalize,728,1000,0.0010876655578613281,1.2895171642303467,0.0012895171642303468,105580,60
tobacco,equalize,729,1000,0.0012011528015136719,1.2963314056396484,0.0012963314056396483,104925,60
tobacco,equalize,730,1000,0.0011055469512939453,1.3299281597137451,0.001329928159713745,105306,60
tobacco,equalize,731,1000,0.0010223388671875,1.3153877258300781,0.0013153877258300782,105591,60
tobacco,equalize,732,1000,0.001310586929321289,1.3281528949737549,0.0013281528949737548,105419,60
tobacco,equalize,733,1000,0.0010631084442138672,1.3162827491760254,0.0013162827491760255,105232,60
tobacco,equalize,734,1000,0.0011074542999267578,1.3133213520050049,0.001313321352005005,104984,60
tobacco,equalize,735,1000,0.0011942386627197266,1.3174564838409424,0.0013174564838409424,105619,60
tobacco,equalize,736,1000,0.0011799335479736328,1.3875069618225098,0.0013875069618225098,104889,60
tobacco,equalize,737,1000,0.0012536048889160156,1.395246982574463,0.001395246982574463,105316,60
tobacco,equalize,738,1000,0.0016663074493408203,1.3040382862091064,0.0013040382862091065,105103,60
tobacco,equalize,739,1000,0.0010883808135986328,1.3329505920410156,0.0013329505920410157,105403,60
tobacco,equalize,740,1000,0.0011303424835205078,1.3274729251861572,0.0013274729251861572,104714,60
tobacco,equalize,741,1000,0.001384735107421875,1.3853397369384766,0.0013853397369384766,104988,60
tobacco,equalize,742,1000,0.0014801025390625,1.3540191650390625,0.0013540191650390624,105662,60
tobacco,equalize,743,1000,0.0011131763458251953,1.291755199432373,0.001291755199432373,105024,60
tobacco,equalize,744,1000,0.0013167858123779297,1.300719976425171,0.0013007199764251708,105327,60
tobacco,equalize,745,1000,0.0011000633239746094,1.3088934421539307,0.0013088934421539306,105082,60
tobacco,equalize,746,1000,0.0014214515686035156,1.3705785274505615,0.0013705785274505614,105357,60
tobacco,equalize,747,1000,0.001306772232055664,1.3037540912628174,0.0013037540912628175,104949,60
tobacco,equalize,748,1000,0.0013856887817382812,1.3269035816192627,0.0013269035816192627,105184,60
tobacco,equalize,749,1000,0.0012211799621582031,1.360821008682251,0.001360821008682251,105013,60
tobacco,equalize,750,1000,0.0012657642364501953,1.3256597518920898,0.00132565975189209,105257,60
tobacco,equalize,751,1000,0.0011157989501953125,1.372603178024292,0.001372603178024292,105078,60
tobacco,equalize,752,1000,0.0010485649108886719,1.2848155498504639,0.001284815549850464,105215,60
tobacco,equalize,753,1000,0.001386404037475586,1.400879144668579,0.001400879144668579,105052,60
tobacco,equalize,754,1000,0.0011119842529296875,1.3158562183380127,0.0013158562183380126,105234,60
tobacco,equalize,755,1000,0.0012004375457763672,1.3339362144470215,0.0013339362144470215,105454,60
tobacco,equalize,756,1000,0.0013957023620605469,1.3064556121826172,0.001306455612182617,105091,60
tobacco,equalize,757,1000,0.0010788440704345703,1.3237652778625488,0.001323765277862549,105310,60
tobacco,equalize,758,1000,0.0011096000671386719,1.295057773590088,0.0012950577735900879,105378,60
tobacco,equalize,759,1000,0.0014142990112304688,1.3138937950134277,0.0013138937950134277,105410,60
tobacco,equalize,760,1000,0.0011782646179199219,1.326751470565796,0.001326751470565796,104810,60
tobacco,equalize,761,1000,0.0012385845184326172,1.2967448234558105,0.0012967448234558105,105324,60
tobacco,equalize,762,1000,0.001703500747680664,1.3234484195709229,0.0013234484195709228,105593,60
tobacco,equalize,763,1000,0.0011997222900390625,1.3087141513824463,0.0013087141513824464,104685,60
tobacco,equalize,764,1000,0.0012359619140625,1.3813755512237549,0.0013813755512237548,105835,60
tobacco,equalize,765,1000,0.0013921260833740234,1.3209881782531738,0.0013209881782531739,105860,60
tobacco,equalize,766,1000,0.0010628700256347656,1.3460700511932373,0.0013460700511932374,104635,60
tobacco,equalize,767,1000,0.00124359130859375,1.3022270202636719,0.0013022270202636718,105165,60
tobacco,equalize,768,1000,0.0013222694396972656,1.3507540225982666,0.0013507540225982666,105412,60
tobacco,equalize,769,1000,0.0010716915130615234,1.3395044803619385,0.0013395044803619384,105156,60
tobacco,equalize,770,1000,0.001603841781616211,1.2923107147216797,0.0012923107147216797,104894,60
tobacco,equalize,771,1000,0.0013155937194824219,1.3141539096832275,0.0013141539096832276,104891,60
tobacco,equalize,772,1000,0.0010557174682617188,1.3070642948150635,0.0013070642948150636,106066,60
tobacco,equalize,773,1000,0.001112222671508789,1.2958202362060547,0.0012958202362060548,105159,60
tobacco,equalize,774,1000,0.0013065338134765625,1.306955337524414,0.001306955337524414,105564,60
tobacco,equalize,775,1000,0.001050710678100586,1.3113765716552734,0.0013113765716552734,105024,60
tobacco,equalize,776,1000,0.001573801040649414,1.3046832084655762,0.0013046832084655762,105206,60
tobacco,equalize,777,1000,0.0018651485443115234,1.3475728034973145,0.0013475728034973145,105176,60
tobacco,equalize,778,1000,0.0014922618865966797,1.3284821510314941,0.0013284821510314941,105122,60
tobacco,equalize,779,1000,0.0010921955108642578,1.3229832649230957,0.0013229832649230956,105521,60
tobacco,equalize,780,1000,0.001789093017578125,1.3709282875061035,0.0013709282875061036,105438,60
tobacco,equalize,781,1000,0.001077413558959961,1.3569018840789795,0.0013569018840789795,105534,60
tobacco,equalize,782,1000,0.0011181831359863281,1.361633539199829,0.001361633539199829,105564,60
tobacco,equalize,783,1000,0.001825094223022461,1.3680379390716553,0.0013680379390716552,105527,60
tobacco,equalize,784,1000,0.0011928081512451172,1.3769681453704834,0.0013769681453704833,105187,60
tobacco,equalize,785,1000,0.0011582374572753906,1.3848035335540771,0.0013848035335540772,105082,60
tobacco,equalize,786,1000,0.0015583038330078125,1.376380443572998,0.001376380443572998,105766,60
tobacco,equalize,787,1000,0.001138448715209961,1.369049310684204,0.001369049310684204,105245,60
tobacco,equalize,788,1000,0.0011453628540039062,1.3524229526519775,0.0013524229526519775,105452,60
tobacco,equalize,789,1000,0.0013813972473144531,1.3274881839752197,0.0013274881839752198,105039,60
tobacco,equalize,790,1000,0.0010685920715332031,1.365175724029541,0.0013651757240295411,105651,60
tobacco,equalize,791,1000,0.0011653900146484375,1.3642010688781738,0.0013642010688781738,105282,60
tobacco,equalize,792,1000,0.0014014244079589844,1.3193142414093018,0.0013193142414093017,105358,60
tobacco,equalize,793,1000,0.0011775493621826172,1.3657479286193848,0.0013657479286193848,104980,60
tobacco,equalize,794,1000,0.001577138900756836,1.4313328266143799,0.0014313328266143798,105146,60
tobacco,equalize,795,1000,0.0014095306396484375,1.3705544471740723,0.0013705544471740723,105869,60
tobacco,equalize,796,1000,0.0012516975402832031,1.3902058601379395,0.0013902058601379394,105196,60
tobacco,equalize,797,1000,0.0013298988342285156,1.4103350639343262,0.0014103350639343261,105347,60
tobacco,equalize,798,1000,0.0016243457794189453,1.3856041431427002,0.0013856041431427003,104896,60
tobacco,equalize,799,1000,0.0011515617370605469,1.372061014175415,0.0013720610141754151,105148,60
tobacco,equalize,800,1000,0.001155853271484375,1.4055325984954834,0.0014055325984954833,105018,60
tobacco,equalize,801,1000,0.0016002655029296875,1.3576428890228271,0.0013576428890228272,105476,60
tobacco,equalize,802,1000,0.0012149810791015625,1.3779528141021729,0.0013779528141021728,104823,60
tobacco,equalize,803,1000,0.0011212825775146484,1.3631162643432617,0.0013631162643432616,105520,60
tobacco,equalize,804,1000,0.001538991928100586,1.4149115085601807,0.0014149115085601808,105606,60
tobacco,equalize,805,1000,0.0011394023895263672,1.378164529800415,0.001378164529800415,105138,60
tobacco,equalize,806,1000,0.001318216323852539,1.3611650466918945,0.0013611650466918946,105286,60
tobacco,equalize,807,1000,0.0014231204986572266,1.364682912826538,0.0013646829128265382,105910,60
tobacco,equalize,808,1000,0.0012903213500976562,1.3637194633483887,0.0013637194633483887,105421,60
tobacco,equalize,809,1000,0.0011703968048095703,1.332397222518921,0.001332397222518921,105163,60
tobacco,equalize,810,1000,0.0014684200286865234,1.3063709735870361,0.0013063709735870361,105278,60
tobacco,equalize,811,1000,0.0013165473937988281,1.3985099792480469,0.0013985099792480468,105340,60
tobacco,equalize,812,1000,0.001094818115234375,1.3263511657714844,0.0013263511657714843,105773,60
tobacco,equalize,813,1000,0.0015532970428466797,1.4090230464935303,0.0014090230464935303,105341,60
tobacco,equalize,814,1000,0.0011487007141113281,1.3349902629852295,0.0013349902629852294,105965,60
tobacco,equalize,815,1000,0.0011310577392578125,1.33919095993042,0.00133919095993042,105052,60
tobacco,equalize,816,1000,0.0014574527740478516,1.3859021663665771,0.0013859021663665773,105049,60
tobacco,equalize,817,1000,0.0010993480682373047,1.408545970916748,0.001408545970916748,105040,60
tobacco,equalize,818,1000,0.001132965087890625,1.350769281387329,0.0013507692813873292,105664,60
tobacco,equalize,819,1000,0.0014688968658447266,1.3644404411315918,0.0013644404411315917,104962,60
tobacco,equalize,820,1000,0.0011334419250488281,1.3347179889678955,0.0013347179889678954,105659,60
tobacco,equalize,821,1000,0.001066446304321289,1.3517088890075684,0.0013517088890075684,104777,60
tobacco,equalize,822,1000,0.001821279525756836,1.3127007484436035,0.0013127007484436035,106083,60
tobacco,equalize,823,1000,0.001100301742553711,1.3660533428192139,0.0013660533428192139,105183,60
tobacco,equalize,824,1000,0.0011184215545654297,1.336702585220337,0.001336702585220337,105580,60
tobacco,equalize,825,1000,0.0013742446899414062,1.3158540725708008,0.0013158540725708007,105399,60
tobacco,equalize,826,1000,0.0010683536529541016,1.3193397521972656,0.0013193397521972657,105592,60
tobacco,equalize,827,1000,0.0015571117401123047,1.303288221359253,0.0013032882213592529,105529,60
tobacco,equalize,828,1000,0.001689910888671875,1.8638808727264404,0.0018638808727264404,104906,60
tobacco,equalize,829,1000,0.0015022754669189453,1.5669825077056885,0.0015669825077056884,105082,60
tobacco,equalize,830,1000,0.0011205673217773438,2.1465163230895996,0.0021465163230895996,105165,60
tobacco,equalize,831,1000,0.0014758110046386719,2.118696451187134,0.002118696451187134,104741,60
tobacco,equalize,832,1000,0.0010867118835449219,2.0268800258636475,0.0020268800258636476,105097,60
tobacco,equalize,833,1000,0.0010569095611572266,2.1327672004699707,0.0021327672004699707,105589,60
tobacco,equalize,834,1000,0.0017552375793457031,2.1025662422180176,0.0021025662422180175,105230,60
tobacco,equalize,835,1000,0.0013995170593261719,2.2638847827911377,0.0022638847827911378,105464,60
tobacco,equalize,836,1000,0.00107574462890625,1.386293649673462,0.001386293649673462,104752,60
tobacco,equalize,837,1000,0.0012154579162597656,1.3474879264831543,0.0013474879264831544,105062,60
tobacco,equalize,838,1000,0.0014035701751708984,1.412245273590088,0.001412245273590088,105569,60
tobacco,equalize,839,1000,0.0011310577392578125,1.3902702331542969,0.001390270233154297,105269,60
tobacco,equalize,840,1000,0.001168966293334961,1.3322734832763672,0.0013322734832763672,104756,60
tobacco,equalize,841,1000,0.0011947154998779297,1.376530408859253,0.001376530408859253,105606,60
tobacco,equalize,842,1000,0.001117706298828125,1.34891939163208,0.0013489193916320801,105774,60
tobacco,equalize,843,1000,0.0013148784637451172,1.3502159118652344,0.0013502159118652345,105569,60
tobacco,equalize,844,1000,0.0015900135040283203,1.3833861351013184,0.0013833861351013183,105453,60
tobacco,equalize,845,1000,0.0016264915466308594,1.386397361755371,0.001386397361755371,105249,60
tobacco,equalize,846,1000,0.0013051033020019531,1.3699302673339844,0.0013699302673339845,105379,60
tobacco,equalize,847,1000,0.0011355876922607422,1.371199369430542,0.001371199369430542,105630,60
tobacco,equalize,848,1000,0.001279592514038086,1.3473434448242188,0.0013473434448242187,105409,60
tobacco,equalize,849,1000,0.0013911724090576172,1.3264787197113037,0.0013264787197113037,106145,60
tobacco,equalize,850,1000,0.0011205673217773438,1.3072099685668945,0.0013072099685668946,105426,60
tobacco,equalize,851,1000,0.0012660026550292969,1.3316242694854736,0.0013316242694854737,105443,60
tobacco,equalize,852,1000,0.0012519359588623047,1.331061601638794,0.001331061601638794,105257,60
tobacco,equalize,853,1000,0.0012445449829101562,1.3626091480255127,0.0013626091480255127,105079,60
tobacco,equalize,854,1000,0.0012712478637695312,1.3999576568603516,0.0013999576568603516,105568,60
tobacco,equalize,855,1000,0.001722574234008789,1.3678641319274902,0.0013678641319274903,105118,60
tobacco,equalize,856,1000,0.0011682510375976562,1.3354690074920654,0.0013354690074920655,104972,60
tobacco,equalize,857,1000,0.0011982917785644531,1.364025354385376,0.001364025354385376,105303,60
tobacco,equalize,858,1000,0.0013039112091064453,1.3228013515472412,0.0013228013515472412,104700,60
tobacco,equalize,859,1000,0.0012028217315673828,1.36806321144104,0.0013680632114410401,105522,60
tobacco,equalize,860,1000,0.0011546611785888672,1.338677167892456,0.0013386771678924562,105526,60
tobacco,equalize,861,1000,0.0012977123260498047,1.3602149486541748,0.0013602149486541747,104985,60
tobacco,equalize,862,1000,0.0012049674987792969,1.325727939605713,0.001325727939605713,105169,60
tobacco,equalize,863,1000,0.0011649131774902344,1.3794796466827393,0.0013794796466827393,104996,60
tobacco,equalize,864,1000,0.0015616416931152344,1.3482635021209717,0.0013482635021209717,105716,60
tobacco,equalize,865,1000,0.0012214183807373047,1.3677642345428467,0.0013677642345428468,105515,60
tobacco,equalize,866,1000,0.0016820430755615234,1.4144794940948486,0.0014144794940948485,105339,60
tobacco,equalize,867,1000,0.0013012886047363281,1.3394110202789307,0.0013394110202789306,105766,60
tobacco,equalize,868,1000,0.0011909008026123047,1.3373486995697021,0.0013373486995697022,105505,60
tobacco,equalize,869,1000,0.0014798641204833984,1.300917387008667,0.001300917387008667,105038,60
tobacco,equalize,870,1000,0.001253366470336914,1.3605983257293701,0.00136059832572937,104889,60
tobacco,equalize,871,1000,0.0014760494232177734,1.3463530540466309,0.0013463530540466309,105672,60
tobacco,equalize,872,1000,0.001210927963256836,1.3388056755065918,0.0013388056755065918,105189,60
tobacco,equalize,873,1000,0.0013327598571777344,1.3471038341522217,0.0013471038341522216,105258,60
tobacco,equalize,874,1000,0.0011096000671386719,1.396287202835083,0.0013962872028350831,105262,60
tobacco,equalize,875,1000,0.0011186599731445312,1.3143634796142578,0.0013143634796142578,105303,60
tobacco,equalize,876,1000,0.001352071762084961,1.3425781726837158,0.0013425781726837157,105607,60
tobacco,equalize,877,1000,0.0012128353118896484,1.3054397106170654,0.0013054397106170654,106012,60
tobacco,equalize,878,1000,0.0012710094451904297,1.337052345275879,0.0013370523452758789,105478,60
tobacco,equalize,879,1000,0.0013813972473144531,1.2975287437438965,0.0012975287437438964,105022,60
tobacco,equalize,880,1000,0.001096487045288086,1.3580505847930908,0.0013580505847930909,105257,60
tobacco,equalize,881,1000,0.0013165473937988281,1.3757820129394531,0.0013757820129394532,104901,60
tobacco,equalize,882,1000,0.0013799667358398438,1.3280153274536133,0.0013280153274536134,105066,60
tobacco,equalize,883,1000,0.0010879039764404297,1.371767282485962,0.001371767282485962,104995,60
tobacco,equalize,884,1000,0.0011069774627685547,1.3150055408477783,0.0013150055408477784,105287,60
tobacco,equalize,885,1000,0.0013027191162109375,1.3790929317474365,0.0013790929317474365,104925,60
tobacco,equalize,886,1000,0.0011363029479980469,1.3999733924865723,0.0013999733924865722,105375,60
tobacco,equalize,887,1000,0.0012104511260986328,1.4020795822143555,0.0014020795822143554,105597,60
tobacco,equalize,888,1000,0.0013611316680908203,1.3086848258972168,0.0013086848258972168,105503,60
tobacco,equalize,889,1000,0.0011179447174072266,1.3222424983978271,0.001322242498397827,105352,60
tobacco,equalize,890,1000,0.0014505386352539062,1.3038897514343262,0.0013038897514343261,104992,60
tobacco,equalize,891,1000,0.00171661376953125,1.3733367919921875,0.0013733367919921875,106246,60
tobacco,equalize,892,1000,0.0011572837829589844,1.3674952983856201,0.00136749529838562,105497,60
tobacco,equalize,893,1000,0.0011227130889892578,1.3661186695098877,0.0013661186695098878,105366,60
tobacco,equalize,894,1000,0.0013360977172851562,1.3214268684387207,0.0013214268684387208,105329,60
tobacco,equalize,895,1000,0.0011014938354492188,1.3249046802520752,0.0013249046802520752,105015,60
tobacco,equalize,896,1000,0.0011246204376220703,1.3550972938537598,0.0013550972938537597,105361,60
tobacco,equalize,897,1000,0.0014350414276123047,1.3621561527252197,0.0013621561527252196,105809,60
tobacco,equalize,898,1000,0.0012025833129882812,1.3454039096832275,0.0013454039096832276,105343,60
tobacco,equalize,899,1000,0.0011358261108398438,1.3984582424163818,0.0013984582424163819,104551,60
tobacco,equalize,900,1000,0.0012917518615722656,1.3601820468902588,0.0013601820468902587,104930,60
tobacco,equalize,901,1000,0.0016109943389892578,1.3861465454101562,0.0013861465454101563,106153,60
tobacco,equalize,902,1000,0.001178741455078125,1.3707802295684814,0.0013707802295684815,105503,60
tobacco,equalize,903,1000,0.0013954639434814453,1.3458552360534668,0.0013458552360534669,105771,60
tobacco,equalize,904,1000,0.0011055469512939453,1.3179118633270264,0.0013179118633270264,105481,60
tobacco,equalize,905,1000,0.0011217594146728516,1.3275060653686523,0.0013275060653686523,104618,60
tobacco,equalize,906,1000,0.001302957534790039,1.352708339691162,0.0013527083396911621,105038,60
tobacco,equalize,907,1000,0.0010890960693359375,1.354055404663086,0.0013540554046630859,106082,60
tobacco,equalize,908,1000,0.0011630058288574219,1.3385365009307861,0.0013385365009307862,105022,60
tobacco,equalize,909,1000,0.0014786720275878906,1.3165662288665771,0.001316566228866577,105120,60
tobacco,equalize,910,1000,0.0011699199676513672,1.350801944732666,0.001350801944732666,105207,60
tobacco,equalize,911,1000,0.0012218952178955078,1.3734924793243408,0.0013734924793243409,104698,60
tobacco,equalize,912,1000,0.0012710094451904297,1.3302106857299805,0.0013302106857299805,105261,60
tobacco,equalize,913,1000,0.001100778579711914,1.3841156959533691,0.0013841156959533692,105440,60
tobacco,equalize,914,1000,0.001115560531616211,1.3293442726135254,0.0013293442726135254,105140,60
tobacco,equalize,915,1000,0.0014142990112304688,1.3346619606018066,0.0013346619606018067,104779,60
tobacco,equalize,916,1000,0.0011584758758544922,1.3328399658203125,0.0013328399658203126,106088,60
tobacco,equalize,917,1000,0.001523733139038086,1.3213095664978027,0.0013213095664978028,105984,60
tobacco,equalize,918,1000,0.0013747215270996094,1.3262252807617188,0.0013262252807617187,105539,60
tobacco,equalize,919,1000,0.0011820793151855469,1.321455478668213,0.001321455478668213,105008,60
tobacco,equalize,920,1000,0.0011560916900634766,1.3252439498901367,0.0013252439498901366,105373,60
tobacco,equalize,921,1000,0.0014328956604003906,1.3258261680603027,0.0013258261680603027,105460,60
tobacco,equalize,922,1000,0.0010602474212646484,1.308945894241333,0.001308945894241333,104799,60
tobacco,equalize,923,1000,0.0011136531829833984,1.3248677253723145,0.0013248677253723145,105174,60
tobacco,equalize,924,1000,0.0014982223510742188,1.3331232070922852,0.0013331232070922852,105647,60
tobacco,equalize,925,1000,0.0012140274047851562,1.3393974304199219,0.001339397430419922,104959,60
tobacco,equalize,926,1000,0.0010771751403808594,1.3259923458099365,0.0013259923458099365,105409,60
tobacco,equalize,927,1000,0.0013718605041503906,1.3341214656829834,0.0013341214656829835,105613,60
tobacco,equalize,928,1000,0.0010676383972167969,1.3353426456451416,0.0013353426456451415,105411,60
tobacco,equalize,929,1000,0.0010988712310791016,1.3455936908721924,0.0013455936908721923,106048,60
tobacco,equalize,930,1000,0.0014674663543701172,1.321192741394043,0.001321192741394043,105141,60
tobacco,equalize,931,1000,0.0010974407196044922,1.3492307662963867,0.0013492307662963867,104820,60
tobacco,equalize,932,1000,0.0011014938354492188,1.300377607345581,0.001300377607345581,105802,60
tobacco,equalize,933,1000,0.001416921615600586,1.3238327503204346,0.0013238327503204345,104683,60
tobacco,equalize,934,1000,0.0011472702026367188,1.3271129131317139,0.0013271129131317138,105134,60
tobacco,equalize,935,1000,0.0011212825775146484,1.288989543914795,0.0012889895439147949,105241,60
tobacco,equalize,936,1000,0.0017137527465820312,1.2994790077209473,0.0012994790077209472,105030,60
tobacco,equalize,937,1000,0.0010433197021484375,1.3342885971069336,0.0013342885971069337,105473,60
tobacco,equalize,938,1000,0.0011074542999267578,1.3111798763275146,0.0013111798763275147,105596,60
tobacco,equalize,939,1000,0.0018534660339355469,1.3145356178283691,0.0013145356178283691,105117,60
tobacco,equalize,940,1000,0.0010759830474853516,1.3138272762298584,0.0013138272762298585,105535,60
tobacco,equalize,941,1000,0.001104116439819336,1.3075554370880127,0.0013075554370880127,105540,60
tobacco,equalize,942,1000,0.0014362335205078125,1.3158934116363525,0.0013158934116363524,105367,60
tobacco,equalize,943,1000,0.001074075698852539,1.338271141052246,0.001338271141052246,104727,60
tobacco,equalize,944,1000,0.0011310577392578125,1.3176600933074951,0.0013176600933074952,104782,60
tobacco,equalize,945,1000,0.0014889240264892578,1.341686725616455,0.001341686725616455,105195,60
tobacco,equalize,946,1000,0.0012328624725341797,1.3636176586151123,0.0013636176586151122,105039,60
tobacco,equalize,947,1000,0.0013437271118164062,1.3494510650634766,0.0013494510650634765,105449,60
tobacco,equalize,948,1000,0.0015287399291992188,1.329967737197876,0.001329967737197876,105583,60
tobacco,equalize,949,1000,0.0011115074157714844,1.4326841831207275,0.0014326841831207276,105223,60
tobacco,equalize,950,1000,0.001230478286743164,1.2925071716308594,0.0012925071716308593,104976,60
tobacco,equalize,951,1000,0.0013995170593261719,1.326622724533081,0.001326622724533081,105444,60
tobacco,equalize,952,1000,0.0010747909545898438,1.3622984886169434,0.0013622984886169434,105121,60
tobacco,equalize,953,1000,0.0011501312255859375,1.3140616416931152,0.0013140616416931151,105059,60
tobacco,equalize,954,1000,0.001622915267944336,1.3162295818328857,0.0013162295818328858,105420,60
tobacco,equalize,955,1000,0.0011904239654541016,1.3386623859405518,0.0013386623859405517,105467,60
tobacco,equalize,956,1000,0.0011756420135498047,1.2948133945465088,0.0012948133945465089,104869,60
tobacco,equalize,957,1000,0.0013744831085205078,1.3234906196594238,0.001323490619659424,105364,60
tobacco,equalize,958,1000,0.001066446304321289,1.3373653888702393,0.0013373653888702393,104879,60
tobacco,equalize,959,1000,0.0015130043029785156,1.2878236770629883,0.0012878236770629884,105289,60
tobacco,equalize,960,1000,0.0013921260833740234,1.3149182796478271,0.0013149182796478272,105222,60
tobacco,equalize,961,1000,0.0012156963348388672,1.3234822750091553,0.0013234822750091554,104902,60
tobacco,equalize,962,1000,0.0011222362518310547,1.3319942951202393,0.0013319942951202392,105689,60
tobacco,equalize,963,1000,0.001477956771850586,1.3253402709960938,0.0013253402709960938,105148,60
tobacco,equalize,964,1000,0.001056671142578125,1.3422932624816895,0.0013422932624816894,105332,60
tobacco,equalize,965,1000,0.0011057853698730469,1.3160357475280762,0.0013160357475280762,105625,60
tobacco,equalize,966,1000,0.0015225410461425781,1.3333663940429688,0.0013333663940429687,105034,60
tobacco,equalize,967,1000,0.001092672348022461,1.356215238571167,0.001356215238571167,105063,60
tobacco,equalize,968,1000,0.0011293888092041016,1.3451833724975586,0.0013451833724975586,105819,60
tobacco,equalize,969,1000,0.0019366741180419922,1.3523635864257812,0.0013523635864257813,105683,60
tobacco,equalize,970,1000,0.0012450218200683594,1.3370637893676758,0.0013370637893676757,106168,60
tobacco,equalize,971,1000,0.0010993480682373047,1.3063831329345703,0.0013063831329345704,104928,60
tobacco,equalize,972,1000,0.001438140869140625,1.7883799076080322,0.0017883799076080322,105412,60
tobacco,equalize,973,1000,0.001039266586303711,1.5370852947235107,0.0015370852947235107,105389,60
tobacco,equalize,974,1000,0.0010981559753417969,2.0977096557617188,0.002097709655761719,105897,60
tobacco,equalize,975,1000,0.0015079975128173828,2.1390867233276367,0.0021390867233276366,105877,60
tobacco,equalize,976,1000,0.0011234283447265625,2.1094963550567627,0.002109496355056763,104916,60
tobacco,equalize,977,1000,0.0011336803436279297,2.153332233428955,0.002153332233428955,105027,60
tobacco,equalize,978,1000,0.0017845630645751953,2.0950984954833984,0.0020950984954833983,105124,60
tobacco,equalize,979,1000,0.0012257099151611328,2.2649149894714355,0.0022649149894714356,105366,60
tobacco,equalize,980,1000,0.0009315013885498047,1.3191373348236084,0.0013191373348236085,105591,60
tobacco,equalize,981,1000,0.001340627670288086,1.3253872394561768,0.0013253872394561768,105530,60
tobacco,equalize,982,1000,0.0013289451599121094,1.3712048530578613,0.0013712048530578613,105135,60
tobacco,equalize,983,1000,0.0012400150299072266,1.3189904689788818,0.001318990468978882,105664,60
tobacco,equalize,984,1000,0.0014655590057373047,1.370030403137207,0.001370030403137207,105605,60
tobacco,equalize,985,1000,0.0012946128845214844,1.383791446685791,0.001383791446685791,105302,60
tobacco,equalize,986,1000,0.001291513442993164,1.3535706996917725,0.0013535706996917725,105211,60
tobacco,equalize,987,1000,0.0013463497161865234,1.3413727283477783,0.0013413727283477783,105367,60
tobacco,equalize,988,1000,0.0011320114135742188,1.3340599536895752,0.0013340599536895753,105343,60
tobacco,equalize,989,1000,0.0016124248504638672,1.3683860301971436,0.0013683860301971435,105527,60
tobacco,equalize,990,1000,0.001298666000366211,1.3540356159210205,0.0013540356159210205,106298,60
tobacco,equalize,991,1000,0.0012941360473632812,1.3474061489105225,0.0013474061489105224,105604,60
tobacco,equalize,992,1000,0.0012285709381103516,1.3192591667175293,0.0013192591667175292,105133,60
tobacco,equalize,993,1000,0.0012793540954589844,1.3370137214660645,0.0013370137214660644,104920,60
tobacco,equalize,994,1000,0.0012023448944091797,1.3424320220947266,0.0013424320220947266,105204,60
tobacco,equalize,995,1000,0.0012326240539550781,1.306706190109253,0.001306706190109253,105300,60
tobacco,equalize,996,1000,0.0012891292572021484,1.3440217971801758,0.0013440217971801758,105106,60
tobacco,equalize,997,1000,0.0011677742004394531,1.3331866264343262,0.0013331866264343262,105259,60
tobacco,equalize,998,1000,0.0011506080627441406,1.3114230632781982,0.0013114230632781981,104934,60
tobacco,equalize,999,1000,0.0016341209411621094,1.336491346359253,0.0013364913463592529,104782,60
